Unnamed: 0.1,Unnamed: 0,ï»¿ID,text,label,TFIDF_RF_prob,BERT_CNN_prob,TFIDF_LR_prob,GPT2_CNN_prob
0,696,697,"Statement of Buta Biberaj Recall Group, Virginians for Safe Communities  on   new report on how Loudoun Soros DA freed abuser to kill victim Justice4Regina Stop Biberaj NOW- sign recall petition at BounceButa dot Com   ",0,0.547601696,0.052391674,0.135545876,0.02325269
1,1540,1541,"200 days till the loudoun county school board goes on trial, and the loudoun county parents are the jurors. 

Nov 5th. Save the date 

school schoolboards Loudoun saveourschools kidsfirst     ",0,0.180389955,1.50E-05,0.056487787,7.80E-05
2,771,772,Let's get one thing straight. These parents who claimed to be concerned about CRT are using threats of violence to force school board members to resign so that they can take over. That's called terrorism. These people are terrorists! ,0,0.12320635,9.91E-06,0.036374646,5.51E-05
3,2216,2217,"    Man upset b/c his 9th grade daughter raped/sodomized in girls' restroom by gender fluid boy arrested during school board mtng &amp; smeared as 'domestic terrorist'.  

Loudoun County, Virginia, accused of lying &amp; covering the rape up.   ",1,0.978,1,0.999906007,1
4,118,119,"The parents have spoken! Furious moms and dads confront Loudoun County school board and reveal they've filed petitions to have chair and three board members removed after boy-in-a-skirt rape 'cover-up'
via  T'is a beautiful thing  ",1,0.893540863,0.9999132,0.896881031,0.99999845
5,2217,2218,"Angry parents are likely among the 120 speakers scheduled to address the Loudoun County School Board this evening in the public comment period to begin at 530pm.  Speakers, virtual and in-person,  will be limited to 1 minute each.  ",0,0.059177671,2.15E-06,0.095486412,5.13E-06
6,2211,2212,The proposed amendment by Governor Youngkin for HB1138 not only undermines our democratic principles but also sets a dangerous precedent for Governors to remove locally elected officials. ,0,0.07889784,1.04E-08,0.016389623,1.42E-06
7,1409,1410,Loudoun County Parents Take a Stand Against 'Wokest School Board in America' ,0,0.01938232,5.74E-05,0.027981565,1.76E-05
8,1845,1846,There you have it. The extreme antics of the LCPS School Board are a direct extension of the Loudoun Democrat unit committee - which at last report is still planning to ship radicals into the SB meeting today. ,0,0.166192867,2.99E-08,0.072211457,6.69E-06
9,678,679,"Republican Fascism  On the March
Loudoun school board member Beth Barts resigns her position ",0,0.02736512,3.09E-07,0.026473311,2.03E-05
10,1151,1152,"âÃÃºThis school board has got to go,âÃÃ¹ said Maria Sherwell. ""This makes Loudoun [County School Board] look calm.""

",0,0.053551767,1.82E-05,0.021634765,6.60E-05
11,468,469,"Maybe it should be the school board arrested not the parents. Virginia's Loudoun County School Board silences public comment after raucous meeting, 2 men arrested

",0,0.085040854,0.000199427,0.047515522,0.000196857
12,411,412,"So the boy in Loudoun co that raped 2 girls in 2 diff schools as he wore skirts was sentenced.
The judge knowing the details of the accounts told him, he frightened her. 
The media smeared the dad of one girl that attended a school board meeting. He was rightfully angry. The NYT",1,0.969201142,0.99999464,0.985594053,0.99974316
13,626,627,The Loudoun County School Board just got even WORSE  via ,0,0.034961973,7.80E-06,0.023162621,1.25E-05
14,493,494,"Bongino applauds the Loudoun County students who stood up to their school board and served them a lawsuit for their reckless mask mandates and more! 
-
TUNE IN LIVE TO  COMING UP (12P-3P):  | WMAL APP | ""ALEXA, PLAY W-M-A-L"" ",0,0.063955456,1.54E-05,0.01613162,4.31E-06
15,1402,1403,"""Republicans seized"" 

source:  ",0,0.017209443,2.03E-06,0.046857229,6.11E-05
16,2051,2052,"Hate to say it, but is it time to ""NOT back the Blue""???? 
Parents Protesting CRT at Loudoun County School Board Meeting Declared Unlawful Assembly - Sheriff Deputy Makes at Least Two Arrests (VIDEO)  via ",0,0.051142377,0.000111436,0.013217953,4.52E-05
17,16,17, Why won't you condemn the Loudoun County School board which covered up rape? Where is your statement?,1,0.778425207,1,0.998453613,1
18,650,651,"   Please note this irresponsible statement by Loudoun County School Board Member Harris Mahedavi on making school closing decisions based on whether bars/pubs are open, especially when Omicron affects kids more ",0,0.052216476,0.000119042,0.051523584,5.37E-05
19,1491,1492,Loudoun County School Board Passes Preferred Pronoun Policy ,1,0.711803043,0.9406595,0.961013848,0.000755029
20,393,394,"Incredible news coming out of Loudoun County. We now know for sure that the school board 1. Knew of the sexual assault and 2. Lied about it in an attempted cover-up.

Fantastic reporting from  ",1,0.943861634,1,0.997933292,1
21,2123,2124,"Loudoun County School Board meeting, Virgina. 

The parents seem a little upset. Should their opinions matter? ",0,0.085994397,6.24E-06,0.080815866,2.70E-05
22,1949,1950,How is the Loudoun school board still employed? ,0,0.030601688,1.52E-06,0.020370065,0.000147725
23,381,382,"'I Serve God First': Teacher Wins Trans Dispute with Loudoun County School Board, Lawsuit Over Policy Goes On - ",1,0.94141027,0.99999547,0.875716379,0.99915016
24,248,249,"Victory For Parents As Judge Sides With Loudoun Parents, Against Prosecutor On School Board Recall   Good deal!",0,0.093233739,7.32E-06,0.028413153,2.27E-06
25,666,667,"SCHOOL WATCH: In a 5 to 2 vote, the Lenoir County Board of Education passed a motion to require all students and staff, regardless of vaccination status, to wear masks indoors for at least the first 3 weeks of the new school year.
",0,0.30386024,1.10E-05,0.150413748,0.000865237
26,1918,1919,"'YOU are the face of privilege, YOU do not speak for us': Loudoun County VA teacher TORCHES school board and DISMANTLES Critical Race Theory (watch)  ",0,0.133102866,8.07E-05,0.148548523,0.000111992
27,357,358,"She needs to be removed from office, along with the school board. Time for new leadership in Loudoun. ",0,0.107122075,4.37E-06,0.087956129,1.24E-06
28,604,605,THIS is the book that sparked the whole Loudoun County battle?!?! Can you imagine being publicly demonized as a bigot for not wanting this book to be given to your child in public school? They told her it was too explicit to read out loud at the fucking school board meeting! ï£¿Ã¼Â§Â£ ,0,0.272482107,0.52963173,0.527663102,0.001577738
29,1322,1323,"   Parents were invited to the Loudoun school board meeting too.

Then they were called domestic terrorists.",0,0.104375127,0.000675478,0.234858819,0.000266157
30,2437,2438,"This story is unbelievably twisted and sad.  A trans kid sexually assaults two different kids and the only one convicted is the victim's dad for defending her in front of the school board.

",1,0.878572958,1,0.938431778,0.9999999
31,664,665,"LIBERALISM DESTROYS ALL! âÃ¶â ÃâÃ¨âÃ¶â ÃâÃ¨âÃ¶â ÃâÃ¨ Marxists IndoctrinationNation
WATCH: VirginiaâÃÃ´s Loudoun County School Board silences public comment, 2 arrested after meeting erupts 
",0,0.053932648,1.22E-05,0.042598914,0.001377148
32,1786,1787,VIDEO: A Virginia teacher stood up against a local school board by encouraging parents and students to speak out against their racial agenda. ,0,0.085785098,0.000875219,0.124635215,0.08331741
33,701,702,"   Looks like covering for rape is how this democracy works.

A girl was raped May 28th by a ""non binary"" student and on June 22 the school board lied and said they have had no assaults.

",1,0.974968396,1,0.999639503,0.9999838
34,1078,1079," 
Loudoun County School Board
stopped this father telling the County of his daughters rape.
Perpetrated by a boy wearing a skirt, using the female toilets! ",1,0.905213531,1,0.998276553,0.9999962
35,732,733,Loudoun County father who was dragged out of woke school board meeting and arrested was trying to tell other parents his daughter was raped by a boy 'in a skirt' in the girls' bathroom and that staff ignored it   ,1,0.998,1,0.9966509,0.99997413
36,2249,2250,"The Loudoun County School Board in Virginia abruptly cut off its public comment period Tuesday night, when a crowd commenting on a proposed policy that would expand transgender student rights became unruly. ",1,0.916140414,1,0.903189272,1
37,1094,1095,"Alternatively:

Parents VIOLENTLY Protesting Critical Race Theory And Transgender Teaching in Classrooms Arrested At School Board Meeting in Loudoun County   ",1,0.732865405,1,0.600573078,0.9925915
38,616,617,Loudoun County Parents are fighting like Hard Knocks to get rid of and BAN CTR in Loudoun County. There even recalling the School Board for there Support in CRT.,0,0.048094303,0.003673687,0.02771208,1.52E-05
39,1425,1426,"And so begins the incremental walk to Loudoun County...

",0,0.034848245,3.65E-06,0.029820065,7.44E-06
40,1613,1614,"That's what happens when you put egotistical idiots in charge.  It's my way or no way, na na na na na.  Get rid of her, replace her.  FoxNews",0,0.04286209,5.81E-06,0.024058598,0.000140292
41,799,800,     It's not a claim. Both parties had sample ballots. Both parties included endorsed candidates for the non partisan positions for school board and soil and water conservation. Do you even live in Loudoun?,0,0.060399793,5.03E-05,0.052737472,8.39E-06
42,2071,2072,"Go to the school board meeting and ask them the same questions. Then ask why they wonâÃÃ´t answer them. Loudoun school parents 'livid and sickened' after being kept in dark about sex life survey

",1,0.65508755,1,0.400871963,0.9999864
43,2341,2342," A man gets arrested for making threats at a School Board meeting (near DC). Incident covered by NBC.


AG announces authorities will ""target"" school board threats


AG says he doesn't know (inconvenient) facts behind arrest

SMDH",0,0.506019337,0.00051944,0.487559178,0.004011057
44,93,94," ""Consent of the Governed"" has no meaning to the Loudoun County School Board.",0,0.013695176,0.00105684,0.01477701,2.32E-05
45,1244,1245, Did he let sexual assaults in northern Virginias schools get swept under from public view too? HowâÃÃ´s that investigation into the Loudoun School board going? Even started yet?,1,0.933704153,1,0.70138296,0.9999814
46,605,606,"LoudounCountyâÃÃ´s sheriff rejected a request by the school districtâÃÃ´s superintendent to dramatically ramp up the LawEnforcement presence at a pair of school board meetings in August, newly released emails show. ",0,0.19550927,9.60E-05,0.080246956,1.65E-05
47,1775,1776, Cowardice on display by Loudoun County School Board.,0,0.013618256,8.45E-05,0.01759814,6.71E-06
48,2486,2487,"WOKE Loudoun County school $275K-a-year superintendent apologizes for failing to protect female student aged 15 from rape by boy in a skirt in the girls' bathroom: Board member resigns
",1,0.957,0.9999999,0.997642358,0.9999857
49,1259,1260,"March is the ""Virginia School Board Association Equity in Education Month"" in loudouncounty ï£¿Ã¼Ã´Ã

Always love the tone deaf virtual signaling from Loudoun County Public Schools. ",0,0.060998415,3.21E-05,0.00734571,3.71E-05
50,1341,1342, The Loudoun county school board members should be charged with felony accessory charges.,0,0.041907159,0.000144266,0.025883758,5.45E-05
51,1920,1921,"The note was sent to Loudoun County school board member Brenda Sheridan's child. The family read it around Christmas. It threatened death unless Brenda quit.
We documented &gt;200 threats &amp; harassing messages to US school board members   ï£¿Ã¼Ã«Ã¡  ",0,0.038635704,0.000211456,0.013491828,1.87E-05
52,573,574,Loudoun school board meeting erupts in shouting as parent group submits petition to oust boardÂ¬â chairman ,0,0.03363206,3.07E-06,0.017298103,5.83E-06
53,781,782,"Parents sue Loudoun County school board over bias program, policing student speech  freespeech discrimination Virginia",0,0.089495433,0.009779139,0.058420676,0.003816662
54,1188,1189,School board SJWs suppressed dissent by sabotaging public meeting. ManagedDemocracy âÃÃ® increasingly a Thing in America ,0,0.058029755,2.02E-05,0.043930448,3.10E-06
55,1546,1547,...&gt;Virginia mom who survived Maoist China eviscerates school board's/Biden's critical race theory push  FoxNews,0,0.017751117,2.90E-06,0.004862137,1.11E-05
56,1903,1904,"Governor Youngkin has amended a bill to set up an election for the entire Loudoun County School Board this year

Original bill was technical fix to stagger terms that passed unanimously 

Would need to pass Dem controlled Senate, not sure if it will

",0,0.099683291,3.99E-06,0.109921632,1.33E-05
57,1623,1624,"  You are correct. I live in Loudoun County, VA. My district was ground zero for out of control school board meetings due to the disinformation highway of CRT, vaccines, masks &amp; transgender rights. The alt-right has a mission to repeat untruths so often that people became fearful.",1,0.778629751,1,0.500859651,0.99999845
58,958,959,"We're hearing that there are teachers who support Tanner but will not speak out b/c they're fearful that LCPS will do the same thing to them.

So that we're clear. Woke teachers and school board officials can call parents racists, sexists, homophobes and keep doing their jobs. 2/",1,0.232076553,0.99867296,0.13956789,0.83893704
59,221,222,"Loudoun County father arrested at school board event says school tried to cover up daughter's bathroom assault


I would be arrest but the abuser would be at the hospital or the morgue. Support the dad not the freaking abusers you asshats",1,0.972018933,1,0.999427775,0.99999976
60,1819,1820,      No one threatened lives of teachers which is why National School Board withdrew their letter. But teachers THREATENED PARENTS. And parents in NOVA - Dem &amp; GOP KNOW IT. ,0,0.119875636,0.001132337,0.075348531,9.65E-06
61,1588,1589,ï£¿Ã¼Ã­â¢Glenn Youngkin says 'there must be resignations' for 'gross negligence' on Loudoun County School Board ,0,0.040762593,7.63E-06,0.012195001,9.06E-06
62,2359,2360,"Look at this news article from The Daily Caller: Loudoun County Superintendent Informed School Board Of Alleged Sexual Assault, Contradicting BoardâÃÃ´s Claim It Was âÃÃ²Not AwareâÃÃ´ ",1,0.974325399,1,0.995075246,1
63,830,831, And also the Loudoun county school board,0,0.080814342,4.89E-06,0.040138412,0.000286798
64,1596,1597,"Remember the Loudoun County school board meetings? 

Remember this guy? 

A lot of you applauded the way the school board handled things. 

His 13 year old daughter was raped by a boy in a skirt in the schoolâÃÃ´s bathroom. He just wanted to know why his kid wasnâÃÃ´t safe.  ",1,0.943421719,1,0.956955201,0.9999392
65,3,4,Virginia mom who survived Maoist China eviscerates school board's Critical Race Theory push!  FoxNews,0,0.014467335,4.45E-07,0.007280788,8.70E-06
66,116,117,Former Sen. Dick Black (faaaar-right Republican) is the guy who spoke the other day at that Loudoun County School Board meeting. Here he is hanging out with (and strongly agreeing with) virulently anti-LGBT Eugene Delgaudio.  ,1,0.446435586,0.9999888,0.130665402,0.013837636
67,589,590,"WATCH! Loudoun, Virginia School Board Has Constituents Arrested For Not Leaving Meeting &amp; Protesting Them.. ",0,0.191410304,3.95E-05,0.170906524,0.0001041
68,697,698,"The Loudoun school board fight was organized not staged or fake. After winning LGBT battles the Left is really over-pushing LGBT hard &amp; using Trans as the spear. No diplomacy.  At the end of the day the ""trans-folk"" are a tiny minority &amp; so called county Christians a large force.",1,0.774001462,0.9999999,0.959179042,0.99999976
69,1232,1233,"Loudoun County School Superintendent Admits âÃÃ²FailedâÃÃ² Effort to Provide a SafeÂ¬â Environment, Left-Wing Board Member Resigns  via ",0,0.170789926,0.000416351,0.046120349,3.60E-05
70,1276,1277," Hear that Loudoun County School Board?

ThemâÃÃ´s the Winds of Change.",0,0.038950185,1.45E-06,0.021150016,5.34E-05
71,569,570,"Loudoun County's school superintendent notified the school board the day that a school girl was sexually attacked by a male student wearing a skirt in the school toilets. The girl told her father who went to the school where he was restrained by security
 ",1,0.896510508,1,0.997808716,0.9999893
72,2394,2395,"A Loudoun County, Virginia, teacher abruptly quit her job during a school board meeting after she railed against the teaching of critical race theory in public school classrooms
",0,0.050804725,9.62E-05,0.030270994,5.27E-05
73,587,588,"Stopped by the Loudoun County School Board meeting last night to hear from parents about their concerns regarding their childrenâÃÃ´s education. In Virginia parents have a fundamental right to make decisions concerning the upbringing, education, &amp; care of their children. ",0,0.082535218,0.0339256,0.095627607,0.03375727
74,196,197,Virginia GOP governor candidate demands probe of Loudoun County school board  ,0,0.05328368,1.70E-05,0.029683255,1.32E-05
75,110,111,"ItâÃÃ´s time America turns its back on  âÃÂ¶âÃÂ© âÃÂ¶âÃÂ© have lied, colluded with democrats &amp;  have cheated the American public of the truth.Nets Turn Backs on Loudoun Parents Meeting Major Step for School Board Recall | Newsbusters ",0,0.034720738,1.39E-05,0.127976149,0.007423424
76,2465,2466,                                                  IâÃÃ´ve been to the Loudoun country school board meetings &amp;heard the parents state what their kids are being taught. No kid owes anyone anything for what was done by someone else. No kid should be penalized so anyone can be placed ahead of them. These were comments from the meeting,0,0.088317077,0.000306983,0.14571237,8.37E-05
77,225,226,"LCPS School Board Member, John Beatty, Confirms the Truth On LauraÂ¬â Ingraham  ",0,0.038627222,0.007501604,0.054439066,0.000157176
78,177,178,"Governor Youngkin lost Loudoun County by 10+ points. What possible standing does he have to tell them they canâÃÃ´t keep their school board? 

I hope journalists will cover this sad move as the affront to democracy it is. ",0,0.605531273,1.26E-05,0.317960887,0.7335598
79,1826,1827, Why do you care so much about the Loudoun County school board?,0,0.023312096,4.53E-06,0.007911106,6.61E-05
80,1900,1901,"Loudoun School Board meeting erupts into shouting as parent group files petition to oust board chair. 
Fox News.  

 via ",0,0.030688661,1.18E-05,0.012514407,8.52E-06
81,1123,1124,Public Will Have Restricted Access to Loudoun School Board Meetings  via ,0,0.044198523,2.85E-09,0.094563782,1.96E-06
82,1422,1423,"Loudoun school board reaches settlement with teacher who sued over ... (Washington Post)

The Loudoun County school system has settled with a teacher who sued the district over its p...

Add your highlights:

 Education",0,0.089701871,0.025417492,0.174806751,0.002634516
83,2345,2346,"  IâÃÃ´m sure you are supporting the Loudoun County school boardâÃÃ´s coverup scheme where children are raped in school under their work policies! I mean, you had the dad of 1 girl on your clip! IâÃÃ´d be enraged if my child is hurt in school and the board is complicit",1,0.895792314,0.9999913,0.987664902,0.99843127
84,1739,1740,Moment sobbing Loudoun County teacher QUITS in protest over CRT lessons ,0,0.041310164,8.47E-06,0.025173827,1.41E-05
85,1044,1045,  Do you know what the father at the Loudoun VA school board meeting was arrested for? He spoke up when they claimed there had been no sexual assaults in school bathrooms &amp; told them his daughter had just been raped &amp; also another girl. He was arrested for speaking w/o permission.,1,0.978,1,0.999904836,0.9999995
86,570,571,"Later, Tucker ended with clips from Loudoun County parents giving the school board excerpts from the so-called literature students have been assigned. Nasty stuff. As someone who supports public schools more than other conservatives, this is a great argument against them. ",0,0.144744476,0.000103699,0.345609801,0.000530294
87,1686,1687,Loudoun County School Board Cuts Off Speaker As He Recounts Being Sexually Abused As A Child ,1,0.435102264,0.99999225,0.646053946,0.99999917
88,356,357,School Board Fleshes Out Controversial and Sensitive Topic Guidance for TeachersÂ¬â   Loudoun ,0,0.017451589,0.022882598,0.016271852,2.22E-05
89,2381,2382,"Outstanding andÂ¬â  worth reading article. 

A mother in Northern Virginia schooled Loudoun County Public School (LCPS) Board and Superintendent Dr. Scott Ziegler by âÃÃ²Let Me Educate YouâÃÃ´ overÂ¬â  âÃÃ²RacistâÃÃ´ critical race theory (CRT) teaching.

",0,0.191007026,0.000258156,0.137180974,0.000202388
90,407,408,"Our Virginia team was instrumental in collecting signatures for the Loudoun school board recall! We are seeing change where it matters most - our childrenâÃÃ´s schools.
Your generosity helps us train passionate parents to run for school board and win!
 ",0,0.091960017,2.64E-05,0.037361371,2.89E-06
91,554,555,Anti-critical race theory org taking aim at Loudoun County School Board in half million dollar adÂ¬â buy ,0,0.024467168,1.84E-05,0.015606722,1.04E-05
92,2333,2334,"Loudoun County Parents Show Up at School Board Meeting with More Than Enough Signatures to Remove Board Chair  via  Remove, No thrown in Jail!
Good job parents! letsGoBrandon ComingBack2024",0,0.038632275,2.86E-05,0.026407303,2.77E-06
93,692,693,"Man arrested at Loudoun County school board meeting says officials covered up his daughter's rape  ///THOSE PARENTS MUST SUE EACH SCHOOL OFFICIAL, FOR MILLIONS EACH, FOR SUPPORTING RAPE IN SCHOOLS, SUE EACH ONE ON THE BOARD, FOR MILLIONS EACH,",1,0.903449428,1,0.965204574,0.9999999
94,1102,1103,"âÃÃ²WeâÃÃ´re Still Here,âÃÃ´ Loudoun Parents Say, âÃÃ²WeâÃÃ´re Not Spiking The Ball Because Youngkin WonâÃÃ´  via ",0,0.064095798,0.000174173,0.021458272,0.00233106
95,466,467,"SoâÃÂ¶ parents who speak up at school board meetings in Loudoun County are placed on a DOJ terrorist watchlist 

YET

People can openly advocate for violence at the homes of Supreme Court Justices and this administration applauds them ",0,0.177549348,9.05E-06,0.152204911,5.18E-05
96,1989,1990, Is this the Loudoun County School Board? ,0,0.013618256,1.11E-06,0.01759814,6.75E-06
97,1203,1204,"193 days till the loudoun county school board goes on trial, and the loudoun county parents are the jurors. 

Nov 5th. Save the date 

school schoolboards Loudoun saveourschools kidsfirst     ",0,0.180389955,1.42E-05,0.056487787,5.64E-05
98,530,531,RT RT RT YES THE FIGHT IS ON IN LOUDOUN COUNTY. THIS WHOLE SCHOOL BOARD NEED TO GO ,0,0.122164648,0.00015246,0.216046703,7.11E-05
99,1246,1247,. Two US feminist organizations demand that you maintain single-sex spaces. Girls deserve privacy. Every member of your school board received this letter yesterday. Say no to obliterating single sex spaces today.   ,1,0.662579824,1,0.581652669,0.9999827
100,562,563,ï£¿Ã¼Ã«Ã§ Teacher confronts Loudoun County school board's apparent progressive agenda in fiery speech: 'This isn't over'  FoxNews,0,0.052784012,1.35E-05,0.012269677,1.64E-05
101,785,786," These people did not vote for Biden.  Their position is based on a lie and racism.  Are we supposed to ""listen"" to that?  

",0,0.041840598,8.85E-07,0.016430037,0.000123976
102,441,442,"So, Loudoun Co. school board tries to cover up the rape of a girl in the girl's restroom by a guy who occasionally wears a skirt to school. The girl's father objects, and is arrested. I'm sure AG Merrick ""Judy"" Garland is celebrating.  ",1,0.968,1,0.999713045,1
103,804,805,"Loudoun school board agrees to reverse suspension of teacher who spoke out against transgender policy


ï£¿Ã¼Ã«Ã§ï£¿Ã¼Ã¡â«ï£¿Ã¼Ã¡â",1,0.957150021,1,0.982531867,1
104,2460,2461,"This is definitely a surprise; however, it needs to happen. The  will find awesome school board candidates. Both the  and Loudoun County GOP were great at helping me with my HOD race last year. 
",0,0.091129538,1.31E-07,0.051263611,3.82E-06
105,999,1000,"Anti-Critical Race Theory Organization Launches $500,000 Ad Campaign Criticizing Loudoun County School Board | The Daily Caller - ",0,0.026633298,5.87E-07,0.045652909,2.62E-05
106,1205,1206," If any Loudoun County school board member who supports this tyranny gets re-elected, SHAME, SHAME, SHAME on the voters in that member's district.",0,0.031709568,1.59E-08,0.032969672,0.000182263
107,245,246,This speech at the Loudoun county school board meeting was absolute ,0,0.017216968,2.16E-06,0.026518787,8.68E-05
108,498,499,This story is nuts. Remember the man handcuffed &amp; arrested at Loudoun County school board meeting? About the trans policy at the school? Turns out his daughter was raped in the girls locker room by a man who wears a skirt &amp; the school tried to hide it. ,1,0.955025391,1,0.997334508,0.9999994
109,1817,1818,"Loudoun County Virginia school board despite the Governor and parents wishes require mask be worn in school. Why?
Their egos of being more powerful than everyone else. They will harm children to boost those egosâÃÂ¶
They are monsters of the worst kind!!!",0,0.071508857,0.000526743,0.024790059,3.10E-05
110,1922,1923,  Loudoun County school board must resign!!!!!! They're indoctrinate our kids!!!! It's wrong!!!!!!,0,0.052042739,3.06E-05,0.073523643,1.71E-05
111,2145,2146, Loudoun is full of right wing nutters just look at the behavior at school board meetings and all of the kkk flyers found every few weeks. Shithole county,0,0.069923022,1.17E-05,0.010054429,4.92E-06
112,2395,2396,Two arrested at Loudoun County School Board meeting after public comments were shutÂ¬â down ,0,0.048203345,0.00038005,0.031759159,3.78E-06
113,1335,1336,"CW: sexual assault

If I ran for school board, how many (more) r threats would I receive? Or would they mostly be aimed at my children (ages 10 and 4)? 

This is the environment the right has created, here in Loudoun and in other key spots across the nation. How manyâÃÂ¶",1,0.935626552,0.9999963,0.651550818,0.99999344
114,1997,1998,PACT Emails LCPS Superintendent Ziegler and LCPS School Board Asks for Immediate Resignation After (2) HS Girls Raped by SameÂ¬â Kid ,1,0.85586785,0.99999976,0.864372142,0.9984681
115,1010,1011,"Beth Barts, who was facing calls for her removal, resigned from the Loudoun County School Board a few days after scathing revelations reported by the .  by ",0,0.299875168,0.000226859,0.13722371,2.20E-05
116,250,251,LoudonCounty BREAKING: Loudoun County School Board Member Resigns Following Daily Wire Investigation ,0,0.029858711,8.03E-05,0.078361105,1.01E-05
117,2474,2475,"When a school board is using taxpayer dollars to try to block an investigation into the school systemâÃÃ´s cover-up of a sexual assault, itâÃÃ´s time for a change. ",1,0.961333835,1,0.978104754,1
118,2318,2319,Loudoun County School Board votes to continue mask mandate ,0,0.069866841,5.59E-06,0.017663997,1.17E-06
119,1131,1132,"Loudoun School Board Meeting Crowd Erupts, Public Comment Session Halted - Loudoun Now ",0,0.06857065,0.000108371,0.015771841,8.72E-06
120,2393,2394, The school board of lcps ?,0,0.034177456,9.04E-07,0.017833718,6.53E-05
121,1095,1096,"Watch Loudoun County Children Deliver Baskets Full Of Affidavits To A Frightened School Board

NoMoreBSNews ",0,0.072577624,3.37E-05,0.0320609,1.80E-05
122,328,329,"Critical Race Theory in the Classroom âÃÃ¬ What Is Good and What Is Gravely WrongAndrew Caballero-Reynolds Loudoun County Public Schools (LCPS) school boardmember Brenda Sheridan looks at her laptop durning a public school board

",0,0.041933403,6.07E-06,0.016444705,1.06E-05
123,1740,1741,Loudoun County School Board Member Resigns; Lt. Colonel Scheller Sentenced |Â¬â NTD ,0,0.02803767,2.06E-05,0.030118146,8.87E-06
124,968,969,"âÃÃºThis is your last &amp; final warning!âÃÃ¹
Silencing critics is de rigeuer for this School Board

Further intimidating Loudoun parents with Closed Session vote: any audience âÃÃºinterruptionâÃÃ¹ (aka opposition), theyâÃÃ´ll unilaterally shut down public comment for hundreds &amp; just âÃÃ²move onâÃÃ´. ",0,0.045783408,7.19E-07,0.037149196,6.00E-05
125,136,137,"The fact that theyâÃÃ´re still forcing masks on everyone tells you how fkn stupid school boards are. 
 ",0,0.055310962,1.20E-06,0.008587685,6.09E-05
126,993,994, Lcps is endangering students through the covid pandemic and upcoming severe weather changes. I believe it is irresponsible of the school board to keep the facilities open throughout these times. Make a change for students safety.,0,0.20938724,0.000854109,0.316519912,6.47E-05
127,126,127,Loudoun County School Board NIGHTMARE Continues | The Chad Prather Show  via ,0,0.035942837,1.82E-06,0.039237681,4.69E-05
128,2186,2187,"Youngkin demands resignations from Loudoun County School Board in wake of bombshell email

",0,0.092627776,6.61E-05,0.033451018,7.12E-06
129,81,82,"ï£¿Ã¼Ã«Ã§ï£¿Ã¼Ã«Ã§ï£¿Ã¼Ã«Ã§ï£¿Ã¼Ã«Ã§ï£¿Ã¼Ã«Ã§ï£¿Ã¼Ã«Ã§ï£¿Ã¼Ã«Ã§ï£¿Ã¼Ã«Ã§Victory For Parents As Judge Sides With Loudoun Parents, Against Prosecutor On School Board Recall
 ",0,0.074780035,0.055065624,0.017759481,0.001196566
130,1578,1579,"Candidate quality matters:  Youngkin turned out to be an excellent retail politician, McAuliffe absolutely awful.  But big thanks also to the Loudoun Co. school board and AG Garland for really turning out the vote for Youngkin.  Brilliant play!",0,0.061561263,7.11E-06,0.070673566,4.66E-05
131,780,781,Loudoun school board member seeks superintendentâÃÃ´s resignation over transgender policy ,1,0.886895005,1,0.996313398,0.99999785
132,2035,2036,                                                  More than 60 parents and students addressed the Loudoun County School Board during a fiery meeting Tuesday night in the wake of the two alleged assaults that occurred at two different schools on May 28 and Oct. 6.,1,0.834774468,1,0.802750025,0.9986344
133,515,516,"They aren't going away
",0,0.021931963,0.000117463,0.067089197,2.13E-05
134,1703,1704, In Loudoun County a quorum of school board members had a private FB group where they kept a list of parents they deemed insufficiently anti-racist. 600 people in group including teachers &amp; admins. Total violation of open meeting laws. Of course parents were angry.,0,0.032154234,1.16E-05,0.05128953,3.95E-06
135,1818,1819,"School Board Summary April 27,  LCPS Loudoun ",0,0.095283121,9.60E-05,0.013837352,5.58E-06
136,2042,2043,"Since when do schoolboards not answer to the parents and the community? Since when are they not accountable, public servants?

Time to teach conservative activists how to successfully recall those elected to office.

loudouncounty 

",0,0.06242696,2.17E-07,0.038549684,0.000122304
137,2281,2282,"""You have buried a sexual assault to protect your precious 8040 policy,"" Carrie Michon, a grandmother of Loudoun County children, accused the school board, referencing a pro-transgender policy. ""Every last one of you, resign!""",1,0.97365938,1,0.999871271,1
138,1714,1715,"Virginia's Loudoun County School Board silences public comment after raucous meeting, 2 men arrested  FoxNews

LEFT TRYING TO IMPOSE THEIR RADICAL HATE-FILLED AGENDA

VRA",0,0.130485921,0.000813421,0.024350358,0.000288629
139,1616,1617,"Loudoun County parents demand resignation of $295K-a-year superintendent who DENIED any student had reported a sex assault one month AFTER 15-year-old girl told teachers she was raped by ...
via  ",1,0.910045337,1,0.993236682,0.9999999
140,1481,1482,"Parents can be a scary bunch! Superintendent Ziegler made an âÃÃºextraordinary requestâÃÃ¹ of âÃÃºmultiple LCSO deputies, a five-person Quick Reaction Force (QRF), undercover LCSO deputies at the administrative building, a special operations team...âÃÃ¹ Fox News 

",0,0.062544729,3.32E-05,0.043377063,0.000386056
141,1080,1081,"  I live here in Loudoun. There have been two statements released, by the LCSO and the school board. Both confirmed the story and bothed pointed fingers at the other.",0,0.067321937,0.06494566,0.090100327,0.000190894
142,934,935,"To all who came to protest against CRT during a Loudoun County School Board meeting earlier should be embarrassed. Would love to know your understanding of what CRT actually involves. Please comment. 

You are free to remain ignorant just don't punish the children. Virginia ",0,0.101767224,0.006229972,0.095834579,0.000419418
143,1784,1785,   I'm working in Loudoun County right now. The media has done a great job of keeping this hush hush. Folks I've talked to weren't even aware of it. The school board and the county DA should be jailed.  Prayers for the parents who's children are still in the care of these monsters.,0,0.077654893,0.002404562,0.120695502,0.000959366
144,2090,2091,Meet AshburnâÃÃ´s new rep on the besieged Loudoun School Board -  ,0,0.067089581,1.50E-06,0.029288542,6.79E-06
145,727,728,"Thousands of Fed-Up Loudoun County Parents Work Together to Banish Disgraced School Board Members

READ: ",0,0.03505782,5.15E-06,0.044329913,3.43E-05
146,2163,2164,Loudoun school board member Beth Barts resigns her position  Go parents and Fight for schools groups!  These arrogant  school board members believe they own our kids and they don't! Schools need to teach what parents want them to teach period! CRT is out,0,0.045324082,0.000202754,0.023902145,1.22E-05
147,2193,2194," ""Radical"" Loudoun School Board?? is he kidding? Such desperation.",0,0.060686578,1.10E-05,0.151481667,0.001014812
148,2317,2318,Parents file petition to remove Loudoun County school board chair  ,0,0.058947006,1.94E-08,0.009919286,4.20E-07
149,480,481,"pact parentsagainstcriticaltheory loudouncounty
Where you go one, you go all.  Tough week, huh? Forecast for next week? Not looking good.
        
",0,0.033388496,1.90E-07,0.013069792,2.05E-05
150,1076,1077,"The same LCPS school board now begging for you to believe them about rape cover-ups, still has the enemies-listing banshee that was caught lying to the Sheriff in the previous investigation on it.

In case anyone was wondering about how credible they are here.",1,0.889590751,0.9999993,0.739814889,0.9999999
151,1560,1561,"Hearing that a school board meeting in Loudoun Co VA got violent about trans students is no surprise having lived near Loudoun and knowing the region politically, BUT.

Anti-trans reactionism isnâÃÃ´t just in the rural US. (Loudoun is full of rich tech people!) ItâÃÃ´s everywhere.",1,0.672602889,0.9999994,0.78674493,0.9999999
152,580,581,Two parents arrested as woke Loudoun County School Board meeting descends into violence over new trans rules  ,1,0.6310511,0.714575,0.713478813,0.9999982
153,849,850," Loudoun County will be Red in November.  The parents are pissed off, and they have had enough of the commie School Board.",0,0.026460259,2.79E-06,0.026581629,6.99E-06
154,352,353,"1/4ï£¿Ã¼Ã®â¢ï£¿Ã¼Ã®â¢ï£¿Ã¼Ã®â¢ï£¿Ã¼Ã®â¢ï£¿Ã¼Ã®â¢Last night at the Loudoun County School Board meeting, a student board representative was heckled by one of the audience members. ArmyOfParents does not condone this behavior under any circumstances. That student is a child.",0,0.139599757,0.000198369,0.38904448,0.000416618
155,743,744,"LCPS are closed tomorrow, Jan. 4, 2022 with Admin Offices opening at NOON.  All evening activities on school campuses are cancelled. 

The organizational meeting of the School Board will go on, as scheduled, at 6:30 p.m. Tuesday. ",0,0.075215619,5.67E-06,0.072418151,4.61E-06
156,866,867,    Loudoun Virginia high school students stage boycott Walk out a high score over cover-up of rape of a female student by school board and the administration,1,0.913220123,0.99999976,0.987439165,1
157,1225,1226,Loudoun County School Board shuts down public comment ,0,0.02457013,3.02E-05,0.031368591,5.38E-07
158,2343,2344, Everyone on the Loudoun County Public School Board should resign or be fired immediately!!,0,0.054097359,4.26E-05,0.022737396,4.48E-05
159,9,10," ""It is painful to see Loudoun in the news like this ... The reality is, these are conversations that are happening in school districts across the country.""

Supervisor Letourneau on the contentious debates at school board meetings

",0,0.096104443,3.79E-06,0.124516342,1.37E-05
160,1828,1829,The convicted teen's lead attorney today was Caleb Kershner.  Kershner is on the Loudoun County Board of Supervisors &amp; said in court this morning his client was put in a situation by the school that should have never happened.   loudouncounty ,0,0.135169268,0.99921846,0.080807846,0.001844505
161,1778,1779,"AfricaBrief Loudoun County parents demand superintendent resign over alleged sexual assaults in schools: More than 60 concerned parents, students, and residents spoke at the Loudoun County School Board meeting Tuesday, with many demandingâÃÂ¶  AfricaBrief ",1,0.820430225,1,0.883287225,0.9999994
162,2195,2196,'Resign tonight! All of you!': Emails show Loudoun school board knew abo...  ,0,0.071490572,0.000216603,0.076535271,1.15E-05
163,895,896,"Virginia parents blast school board over graphic books, critical race theory: 'Pretty despicable' | Fox News âÃÂ¶âÃÂ© âÃÂ¶âÃÂ© âÃÂ¶âÃÂ© âÃÂ¶âÃÂ© âÃÂ¶âÃÂ© âÃÂ¶âÃÂ©  ",0,0.110777753,0.795191,0.198659021,0.5437419
164,876,877,"If you are a registered Loudoun County voter who has not yet signed a school board recall petition, please go to this web site and find a signing event or fill out the request form and someone will contact you to arrange signing. 

",0,0.059278403,6.18E-08,0.044060182,8.61E-06
165,1869,1870,   IâÃÃ´m not a parent but my Loudoun County has now gone to an all time low in the schools ,0,0.02879073,0.001368827,0.016646386,0.000203268
166,229,230,"Loudoun SB  are anti parent and anti 1A. They are sick and want you silenced. Too bad. Right on, recall, remove, replace. Action action action. ",0,0.030027828,0.000477186,0.020261926,0.00013309
167,233,234,Glenn Youngkin calls for investigation into Loudoun County school board over sexual-assault case âÃÃ¬Â¬â NEWPAPER24 ,1,0.946521844,1,0.988956402,1
168,825,826,"Lousy Loudoun county school board meeting live

",0,0.064375704,3.32E-09,0.041699036,7.85E-06
169,667,668,More Petitions to Remove School Board Members Eligible for Court Filing  Loudoun ,0,0.100607675,6.70E-07,0.081297201,5.10E-05
170,1601,1602," DidnâÃÃ´t the school board just vote to use funding for bonuses for administrators? ï£¿Ã¼Ã²Â°Perhaps the Board of Supervisors should actually get SERIOUS about oversight of the spending of taxpayer $$$$ by LCPS,, and send a message to the school board that they MUST PRIORITIZE kidsâÃÃ´ needs",0,0.080114043,1.04E-05,0.159261447,0.000884552
171,997,998," if the LCPS school board members still have their positions after the next election, then there is something seriously wrong with Loudoun County residents.",0,0.032569439,1.09E-09,0.007647476,1.72E-05
172,1220,1221,"Parents in Loudoun county showed up in force to stand up against the ""wokest school board in America"" trying to force a left-wing agenda into schools. ",0,0.080748462,8.75E-06,0.020263172,2.34E-05
173,2154,2155,"School Board member steps down as the school district drew national attention over its handling of two sexual assault cases and critical race theory indoctrination.

",1,0.914671801,1,0.942398854,1
174,2076,2077,"Loudoun County Gives Disgusting Response to Alleged Cover-up of Rape Involving Transgender Policies - All Members Of Loudon County School Board Must Be FIRED Immediately &amp; Held Criminally responsible - PARENTS Protect Your CHILDREN 
 ",1,0.896357161,1,0.994835739,0.9999999
175,33,34,"The Loudoun County School Board is busy covering up rape because it distracts from their crusade to label upset parents as terrorists. Meanwhile, Virgina Democrats spent 2020 working to change the law to erase reporting provisions that defend victims of sex crimes. ",1,0.97446054,1,0.996366508,0.9999962
176,459,460,Parents Fight to Recall Loudoun County School Board: 'They Are Emotionally Abusing Our Children' ,0,0.192670716,0.000409654,0.120956332,2.06E-05
177,1713,1714, Catch a Loudoun County school board meeting,0,0.029078712,2.61E-07,0.048824364,5.55E-05
178,1191,1192,"... Loudoun School Board hasnâÃÃ´t gotten the message
 - yet.

alldayeveryday - until they do ",0,0.073078806,0.000164033,0.067169504,4.53E-05
179,1897,1898,"Iranian Christian immigrant goes OFF on woke school board: If you push preferred pronoun mandates then ""I will make you call my kids 'king' and 'queen'""! ",1,0.676418016,0.9997917,0.526208046,0.99303585
180,67,68,"EXPOSED: Loudoun County School Board Was Informed on the Day of Alleged Bathroom Assault
",1,0.9562315,0.99999964,0.973979647,0.9999999
181,2026,2027,"Mike Pence visits Loudoun County, calls on school board members to resign ",0,0.062717508,1.36E-07,0.107837342,6.25E-06
182,2192,2193,"The Loudoun Co. Public Schools system has reportedly denied that Critical Race Theory is part of teacher training &amp; curriculum.
",0,0.046534994,7.57E-05,0.043048878,1.40E-05
183,1839,1840,Matt Walsh LEVELS Loudoun County School Board: âÃÃºYou Are All Child AbusersâÃÃ¹  via  pass it on Until this insanity stops,1,0.057074903,0.06009058,0.065188085,0.004382397
184,1398,1399,"2 parents protesting against CRT and a transgender policy have just been arrested after a Loudoun County, Virginia school board meeting was declared an unlawful assembly. ",1,0.884727883,1,0.884992129,0.99994695
185,1915,1916,"Also, I understand Loudoun has a couple proposed maps for BOS and School Board?  If anyone has a link to those, please share!",0,0.085877199,0.000155792,0.05762249,5.85E-06
186,566,567,"  All the small ""local"" groups that spring up (especially in Loudoun County) will funded enough to bring lawsuits against school districts and school board members.",0,0.050532033,1.72E-06,0.023296588,5.85E-06
187,2157,2158,"Loudoun County parents give an inside look at these school board meetings and the insanity that is STILL ongoing in LCPS 

",0,0.041230842,3.04E-06,0.018299819,2.54E-06
188,1320,1321,Loudoun School Superintendent Scott Ziegler needs to go.  Parents would not be raising so much hell if he and the school board would answer their questions and they do their jobs ethically.  He actually should be charged for covering up the sexual assault. ,1,0.929300512,1,0.988817241,1
189,726,727,  LOL - Pastor G was praying for the Loudoun School Board because he rightly believes it is demon possessed.,0,0.056383014,6.43E-06,0.083246175,0.12480462
190,1946,1947,The school board and admin of Loudoun school district should all be charged with crimes for covering up sexual assaults in their schools.  ItâÃÃ´s bad enough they indoctrinate kids but they have to held accountable for keeping kids safe. I wonder how many other rapes will come 4ward,1,0.961183035,1,0.995369448,1
191,676,677,"  4)There is some Pushback. But VA may not want the FBI around Loudoun County School Board after all that's come out over past days there.

",0,0.21605231,4.38E-06,0.035350654,9.14E-06
192,1548,1549,EXCLUSIVE: Manhattan Beach Unified School District Board Auditions for Loudoun County of theÂ¬â Pacific ,0,0.015525151,4.11E-06,0.03772767,3.85E-05
193,200,201,"LIVE NOW: Parents sound off at the Loudoun County, VA school board meeting. 

WATCH: ",0,0.038064692,5.16E-06,0.030234371,1.46E-06
194,851,852," 

The coverup continues 

Let this sink in 

As a father what would you do???  
Daughter sodomized by transgender and school coverup and father banned from School board meeting
",1,0.919645742,1,0.996191737,0.9999248
195,858,859,"Matt Walsh LEVELS Loudoun County School Board: âÃÃºYou Are All Child AbusersâÃÃ¹

",1,0.039419286,0.014760708,0.065234347,0.001860674
196,1052,1053,"ï£¿Ã¼Â§Ã®ï£¿Ã¼Â§Ã® chihuahua running scared?
",0,0.015696445,9.05E-06,0.006543096,0.000106021
197,2363,2364,If only the Loudoun County School Board devoted this amount of security planning on ensuring their students aren't raped in bathrooms. ,1,0.786654206,1,0.968513809,0.9998573
198,257,258,"""Parents in Loudoun County have been leading protests against the school boardâÃÃ´s policies despite the threats of lawsuits and being arrested.""

Analysis from , Right bias:

",0,0.490317665,0.000458776,0.356367347,3.67E-05
199,1289,1290,"This is the garbage parents get from deeply WOKE Public School Boards!

Of course, what can you expect from the National School Board Association's Marxist Communications Director? Parents are Domestic Terrorists!

Loudoun is the WORST!
Fairfax is working hard to catch them! ",0,0.085856984,6.19E-05,0.062681416,2.56E-05
200,1927,1928,âÃÃ²A Dissenting Opinion Is Not AllowedâÃÃ´: Teacher Sobs As She Quits In Front Of School Board Over âÃÃ²High PoliticizedâÃÃ´ Agenda ,0,0.05113544,6.01E-05,0.015045936,7.28E-05
201,514,515,"  Loudoun county school board messed up, and  its an extreme red wave. They won by less them 2 points.",0,0.023463324,0.000518592,0.013210655,0.002418793
202,1711,1712,Youngkin demands resignations from Loudoun County School Board in wake of bombshell email  FoxNews!!,0,0.042820534,0.000574706,0.029376149,8.31E-06
203,52,53,  Does your list apply to School Board members? ,0,0.018623121,3.84E-08,0.027034937,8.17E-06
204,2002,2003,"Beth Barts, Loudoun County School Board Member who led parents in the bullying of parents who don't hold her views, resigns but STILL FAILS TO UNDERSTAND THE WORD INCLUSIVITY. Message to all who support Barts: You're embarrassing yourself if you think you're inclusive/tolerant. ",0,0.053678871,0.002395928,0.05786062,0.18039328
205,262,263,"      What is the evidence of the specific death threats from Republicans?
Anything like the CRT supporter threatening to bring his 1000 soldiers ""locked and loaded""? 
",0,0.046068914,9.40E-06,0.02395495,0.000547164
206,1430,1431,"WIN Daily Jan 20
Loudoun County Public Schools is determined to keep in-person learning in place. Even if it means defying the Governor.
Click to get your free subscription today.

COVID19 GlennYoungkin LoudounCountyPublicSchools ScottZiegler ",0,0.058353416,1.08E-05,0.030548577,2.46E-05
207,405,406,"investigation came when male student was allowed to use girls' facilities is sentenced to life sex offenderâÃÂºÃâÃ¨
Officials didn't disclose after superintendent was asked  mtg
Sex offender was moved to a diff school &amp; now convicted of another assaultâÃÂºÃâÃ¨ ",1,0.867754633,1,0.985272112,0.99999714
208,1881,1882,"The State of Virginia's new attorney general Jason Miyares fired the conviction integrity unit &amp; announced a probe into Loudoun County School Board, plagued by scandal over critical race theory-inspired 'equity' lessons and a child rapist.  ",1,0.667411288,1,0.345358401,0.99117154
209,601,602,UDPATE: Loudoun County school board takes appeal to Supreme Court:  ,0,0.214004675,9.91E-07,0.320892108,1.65E-05
210,204,205,âÃÃ²See You in CourtâÃÃ´: Parents Announce TheyâÃÃ´ve Got Enough Signatures to Have Judge Oust Loudoun Co. School Board Members | CNSNews ,0,0.027510652,0.00135931,0.005949184,7.87E-05
211,7,8, Thank you and the school board for representing and advocating for all of our students in Loudoun County.,0,0.15050854,0.002341511,0.090923423,7.37E-05
212,1284,1285,Pressure from parents worksâÃÂ¶ ,0,0.021928121,0.000345952,0.027698252,4.22E-05
213,384,385,"   Umm, in Loudoun County, the School Board needed more than a nudge. They have arrogantly refused to listen to parents.
PromisesMadePromisesKept",0,0.028434051,0.000399471,0.065982564,6.79E-05
214,734,735, Watch this Loudoun Cty school board issue die once the elections are over!!!,0,0.030668253,1.84E-05,0.06770194,3.04E-05
215,824,825,"Loudoun County principal and school system are not protecting its girls. Time to call for Tim FlynnâÃÃ´s resignation. The family should sue the school, the school board, and the idiot cop who arrested the father while unnecessarily roughing him up.  ",1,0.841570688,0.99176264,0.667249177,0.96408904
216,2471,2472,"  I appreciate Rowling, but voted for Scott Smith, the Loudoun VA father whose daring face-down with the school board who enabled his daughter's rape due to a gender bathroom policy ended up throwing a US gubernatorial race. A father who, protecting his kid, brought down a regime.",1,0.955056854,1,0.999795007,1
217,109,110,Loudoun County VA momma grizzly ï£¿Ã¼ÃªÂª unloads in  school board officials of the detrimental effects of masks and continued Covid 19 measures. ,0,0.134536222,0.000291955,0.01724375,1.35E-05
218,1490,1491,"Loudoun County School Board chair accuses parents of 'dog-whistle politics'


Vote them the heck out in the next election! Enough of leftist intolerance disguise as woke racism âÃÂ¶âÃÂ© âÃÂ¶âÃÂ©",0,0.037028952,5.51E-05,0.084477831,0.000140113
219,677,678,"âÃÃ´  is coming up on  and company n  105.9fm around 835am. 

Covering last nights  school board meeting in Loudoun Co VA. 

   ",0,0.539652687,1.50E-06,0.220635462,0.000129824
220,1878,1879,"Las Cruces Public Schools Board of Education voted to elect Pamela Cort to the vacant District 2 board position.

See story:  ",0,0.045636041,6.91E-07,0.016618592,4.36E-06
221,271,272,"Loudoun County School Board BLASTED Over Bombshell Daily Wire ExposâÂ©  via  LOUDON COUNTY SOUNDS LIKE A GREAT PLACE TO ""NOT"" RAISE A CHILD IN",0,0.123937517,0.31168246,0.104105958,0.000308159
222,1716,1717,"LCPS school board changed the rules at the last minute, shipped in radicals from outside the county to jam up the public comment time, shut down public comment with many speakers still waiting, and pre-arranged heavy-handed enforcement.

But parents caused the chaos. ",0,0.051044597,5.27E-05,0.02427569,1.11E-05
223,1600,1601,"""I canâÃÃ´t really just say what I mean, even though the other side can say whatever. To me, and to a lot of Chinese, it is heartbreaking that we escaped communism and now we experience communism here."" Xi Van Fleet (speech to Loudoun County, Virginia school board) 

SheâÃÃ´s ï£¿Ã¼Ã­Ã right",0,0.084313481,5.24E-05,0.022223036,8.69E-05
224,1374,1375,"Virginia parents blast school board over graphic books, critical race theory: 'Pretty despicable'


Parents every where, of every race, need to be loud and active in rejecting CRT in their childrenâÃÃ´s schools.",1,0.331825916,0.18575087,0.467680213,0.39525086
225,1056,1057,Loudoun County Superintendent has apologized for failing to provide a safe environment and one of the school board members has resigned. This is a start. How are they going to fix these problems moving forward?,0,0.310143223,0.000197472,0.367259792,0.001299237
226,1385,1386,"Father says his daughter was raped by boy in girls' bathrooms  via  do you remember this man , you do but this story won't play on the msm , the face of domestic terrorism at school board meetings the AG would have you believe an send the FBI to",1,0.979078911,1,0.989629279,0.99999857
227,2118,2119,School Board Implements New Anti-Discrimination PoliciesÃÃ¸Âº  Loudoun,0,0.066694359,0.14692257,0.088919668,0.00011547
228,1765,1766,"It's not the impact of masking that you are angry about but the fact that we have all lost 2 years of our lives to COVID Kids seeing their parents fight in school boards, threaten school board members lives &amp; make student reps cry, that is shameful Loudoun ",0,0.127689135,0.000374931,0.084976731,7.37E-06
229,2060,2061,"Why were Loudoun County, Va., schools on Fox News 78 times in four months? A preview of what the 2022 midterm elections might look like.  ",0,0.034723133,2.97E-08,0.029359812,9.35E-05
230,2058,2059,Critical gender theory is a mistake: Loudoun County school board's cover up of school rape is proof of woke disaster ,1,0.930674134,0.9999993,0.997630791,0.9998754
231,645,646,   You do know that it is right? And the literature chosen by teachers to have their kids read... graphic sexually explicit material... googled Loudoun County Public School Board in the last year? Living under a rock?,1,0.571246376,0.9999989,0.835314814,0.99998915
232,2116,2117,"Not entirely. Loudoun County Public Schools Superintendent and School Board members are still in place.
They'll looking for ways to evade, and they'll be slow-walking as much as they can what they can't evade. ",0,0.183856154,2.40E-08,0.02579354,7.46E-06
233,235,236,Loudoun email reveals superintendent notified school board on day of alleged sexual assault  via ,1,0.990904198,1,0.994886784,0.9999993
234,539,540,WATCH: Loudoun County Teacher Addresses School Board before Resigning  via  ,1,0.015451197,3.61E-07,0.069052217,0.000115248
235,1163,1164,Joint County and School Board Committee Nixes Potential Combined Healthcare Contract  Loudoun,0,0.017922976,4.29E-06,0.026006724,1.46E-05
236,1459,1460,"Way to stop corrupt school board is to sue the school district and board members individually: Loudoun County responds after dad says school district concealed  daughter's bathroom assault by male in a dress in order to push their trans political agenda.

",1,0.958064661,0.9999999,0.970220109,0.9999999
237,274,275,I truly hope every Loudoun County school board member is looking at that new Republican governor and attorney general and crapping themselves.,0,0.027432323,3.08E-08,0.020108649,1.71E-05
238,1193,1194,"Email shows Loudoun County School Board knew about sexual assault the day it happened, contradicting previous statements.   ",1,0.967584778,1,0.985632325,1
239,1644,1645,"   Also when you research,be sure 2see how Wexton did NOTHING to stop the ridiculous and possibly criminal Loudoun School boardâÃÃ´s agenda against parents and students.I get that Roe is important to some,but our kids are even more so and if we donâÃÃ´t stand for them who are we? ",0,0.216992649,0.002715231,0.235975588,0.001501834
240,2432,2433,"WATCHï£¿Ã¼Ã«Ãï£¿Ã¼Ã«Ã¡ LoudounCountySchoolBoard  Meeting Erupts After SexualAssault MeToo Bombshell: âÃÃ²You Buried a Rape âÃÃ´
SaveTheChildren
ParentsMatter
TakeBackOurSchools
school CHOICE
Homeschooling 

",1,0.913431824,0.9999999,0.924263969,0.9999999
241,1258,1259,"BLACKOUT: , , and  skip Loudoun County students protesting lib school board that covered up rape of a minor girl.  ",1,0.920465599,1,0.999812176,1
242,372,373,"Bet not 1 republican or cable opinion news show entertainer step foot back in Loudoun County school board meetings..

They got their money's worth!",0,0.054492714,1.66E-06,0.103189221,8.64E-06
243,707,708,Loudoun County parents need to elect a patriot based school board . Make yourself heard at the polls! Our children are at risk. Taxes are high in the county and used for woke indoctrination . ,0,0.119099986,1.66E-05,0.08763825,1.84E-05
244,1273,1274,"What is the definition of ""literature"" and what is smut? Apparently pornography is literature and Dr. Seuss is smut. ClownWorld Honkler
",1,0.053015406,0.51242834,0.129241461,0.08602268
245,1581,1582,"a felony conviction in Virginia makes you ineligible to hold public office

there won't be a Loudoun County School Board soon",0,0.04802801,1.21E-06,0.024976749,3.15E-06
246,327,328,"Those parents cared 0% for safety. They were just spreading the hate and lies about Covid-19 being spread by the Lunatic In Chief aka Orange Hitler, who they worship like a god. These parents were and are storming the school board at my school district in Loudoun County. ",0,0.22543182,0.000129086,0.087938287,0.000106944
247,836,837,"The Loudoun County School Board will hold a meeting at 4 p.m. Tuesday, January 11, in the School Board Meeting Room at the Loudoun County Public Schools (LCPS) Administrative Offices, 21000 Education Court in Ashburn. View details:  ",0,0.07842942,3.00E-08,0.046611559,2.20E-06
248,1858,1859,"In the new definition of ""muh democracy!"", the word means whatever will give Democrats power. In this case, according to Democrats, holding an election would ""subvert democracy.""

",0,0.082917732,1.85E-08,0.069315318,0.000285146
249,1853,1854,  It really has been a rabble of convened parents pushing back against coordinated and well-funded GOP attacks. Wish the Dems would get in the fight. ItâÃÃ´s ugly here in Loudoun. ,0,0.12307546,3.74E-07,0.096435533,9.64E-06
