Unnamed: 0.1,Unnamed: 0,Ã¯Â»Â¿ID,text,label,TFIDF_RF_prob,BERT_CNN_prob,TFIDF_LR_prob,GPT2_CNN_prob
0,696,697,"Statement of Buta Biberaj Recall Group, Virginians for Safe Communities  on   new report on how Loudoun Soros DA freed abuser to kill victim Justice4Regina Stop Biberaj NOW- sign recall petition at BounceButa dot Com   ",1,0.881212389,0.9999566,0.956831726,0.997726
1,1540,1541,"200 days till the loudoun county school board goes on trial, and the loudoun county parents are the jurors. 

Nov 5th. Save the date 

school schoolboards Loudoun saveourschools kidsfirst     ",1,0.235034683,0.91065896,0.422719657,0.8434332
2,771,772,Let's get one thing straight. These parents who claimed to be concerned about CRT are using threats of violence to force school board members to resign so that they can take over. That's called terrorism. These people are terrorists! ,1,0.561649889,0.9997986,0.30883705,0.97656745
3,2216,2217,"    Man upset b/c his 9th grade daughter raped/sodomized in girls' restroom by gender fluid boy arrested during school board mtng &amp; smeared as 'domestic terrorist'.  

Loudoun County, Virginia, accused of lying &amp; covering the rape up.   ",0,0.077780764,0.00023884,0.031301973,1.90E-05
4,118,119,"The parents have spoken! Furious moms and dads confront Loudoun County school board and reveal they've filed petitions to have chair and three board members removed after boy-in-a-skirt rape 'cover-up'
via  T'is a beautiful thing  ",1,0.809775861,0.9999962,0.796736612,0.99981445
5,2217,2218,"Angry parents are likely among the 120 speakers scheduled to address the Loudoun County School Board this evening in the public comment period to begin at 530pm.  Speakers, virtual and in-person,  will be limited to 1 minute each.  ",0,0.096884723,2.83E-06,0.016068614,6.60E-06
6,2211,2212,The proposed amendment by Governor Youngkin for HB1138 not only undermines our democratic principles but also sets a dangerous precedent for Governors to remove locally elected officials. ,1,0.503109739,0.9998068,0.783839705,0.36207813
7,1409,1410,Loudoun County Parents Take a Stand Against 'Wokest School Board in America' ,1,0.376070156,0.9936233,0.500622407,0.8344496
8,1845,1846,There you have it. The extreme antics of the LCPS School Board are a direct extension of the Loudoun Democrat unit committee - which at last report is still planning to ship radicals into the SB meeting today. ,0,0.116677907,0.4299537,0.202897773,0.6144769
9,678,679,"Republican Fascism  On the March
Loudoun school board member Beth Barts resigns her position ",1,0.754183784,0.9997744,0.851705799,0.9986933
10,1151,1152,"Ã¢Â€ÂšÃƒÂ„ÃƒÂºThis school board has got to go,Ã¢Â€ÂšÃƒÂ„ÃƒÂ¹ said Maria Sherwell. ""This makes Loudoun [County School Board] look calm.""

",0,0.179421797,0.001381254,0.046137967,0.070552394
11,468,469,"Maybe it should be the school board arrested not the parents. Virginia's Loudoun County School Board silences public comment after raucous meeting, 2 men arrested

",1,0.045938919,2.99E-07,0.01003947,0.028739432
12,411,412,"So the boy in Loudoun co that raped 2 girls in 2 diff schools as he wore skirts was sentenced.
The judge knowing the details of the accounts told him, he frightened her. 
The media smeared the dad of one girl that attended a school board meeting. He was rightfully angry. The NYT",0,0.081463252,0.000177031,0.014821025,7.88E-05
13,626,627,The Loudoun County School Board just got even WORSE  via ,0,0.152458464,0.006806674,0.056017149,0.008856589
14,493,494,"Bongino applauds the Loudoun County students who stood up to their school board and served them a lawsuit for their reckless mask mandates and more! 
-
TUNE IN LIVE TO  COMING UP (12P-3P):  | WMAL APP | ""ALEXA, PLAY W-M-A-L"" ",0,0.162547131,0.09633598,0.204159639,0.016392712
15,1402,1403,"""Republicans seized"" 

source:  ",0,0.049753351,0.055115122,0.083733363,0.021813108
16,2051,2052,"Hate to say it, but is it time to ""NOT back the Blue""???? 
Parents Protesting CRT at Loudoun County School Board Meeting Declared Unlawful Assembly - Sheriff Deputy Makes at Least Two Arrests (VIDEO)  via ",0,0.087967461,6.31E-06,0.068068304,0.006951167
17,16,17, Why won't you condemn the Loudoun County School board which covered up rape? Where is your statement?,1,0.060815269,0.002657071,0.015654695,0.019605193
18,650,651,"   Please note this irresponsible statement by Loudoun County School Board Member Harris Mahedavi on making school closing decisions based on whether bars/pubs are open, especially when Omicron affects kids more ",0,0.228152794,1.51E-06,0.081871988,0.000161292
19,1491,1492,Loudoun County School Board Passes Preferred Pronoun Policy ,0,0.048953865,1.13E-09,0.029108381,0.000219196
20,393,394,"Incredible news coming out of Loudoun County. We now know for sure that the school board 1. Knew of the sexual assault and 2. Lied about it in an attempted cover-up.

Fantastic reporting from  ",0,0.213473926,4.71E-05,0.093895987,0.010740299
21,2123,2124,"Loudoun County School Board meeting, Virgina. 

The parents seem a little upset. Should their opinions matter? ",0,0.115580882,2.14E-07,0.156280455,0.000970839
22,1949,1950,How is the Loudoun school board still employed? ,1,0.117325346,0.7877087,0.300879867,0.00105783
23,381,382,"'I Serve God First': Teacher Wins Trans Dispute with Loudoun County School Board, Lawsuit Over Policy Goes On - ",0,0.106756263,3.28E-05,0.135617688,0.004719064
24,248,249,"Victory For Parents As Judge Sides With Loudoun Parents, Against Prosecutor On School Board Recall   Good deal!",1,0.884564047,0.97130394,0.975560484,0.94828963
25,666,667,"SCHOOL WATCH: In a 5 to 2 vote, the Lenoir County Board of Education passed a motion to require all students and staff, regardless of vaccination status, to wear masks indoors for at least the first 3 weeks of the new school year.
",0,0.197812779,5.03E-06,0.061367531,5.25E-05
26,1918,1919,"'YOU are the face of privilege, YOU do not speak for us': Loudoun County VA teacher TORCHES school board and DISMANTLES Critical Race Theory (watch)  ",0,0.193161376,2.77E-05,0.005329637,1.04E-05
27,357,358,"She needs to be removed from office, along with the school board. Time for new leadership in Loudoun. ",1,0.714746886,1,0.944982399,0.9983758
28,604,605,THIS is the book that sparked the whole Loudoun County battle?!?! Can you imagine being publicly demonized as a bigot for not wanting this book to be given to your child in public school? They told her it was too explicit to read out loud at the fucking school board meeting! Ã¯Â£Â¿ÃƒÂ¼Ã‚Â§Ã‚Â£ ,0,0.080886114,0.000218783,0.073485814,1.35E-05
29,1322,1323,"   Parents were invited to the Loudoun school board meeting too.

Then they were called domestic terrorists.",0,0.207318741,6.57E-06,0.007258566,0.000111246
30,2437,2438,"This story is unbelievably twisted and sad.  A trans kid sexually assaults two different kids and the only one convicted is the victim's dad for defending her in front of the school board.

",0,0.073673405,6.21E-07,0.020903004,0.000133032
31,664,665,"LIBERALISM DESTROYS ALL! Ã¢Â€ÂšÃƒÂ¶Ã¢Â€Â ÃƒÂ”Ã¢ÂˆÂÃƒÂ¨Ã¢Â€ÂšÃƒÂ¶Ã¢Â€Â ÃƒÂ”Ã¢ÂˆÂÃƒÂ¨Ã¢Â€ÂšÃƒÂ¶Ã¢Â€Â ÃƒÂ”Ã¢ÂˆÂÃƒÂ¨ Marxists IndoctrinationNation
WATCH: VirginiaÃ¢Â€ÂšÃƒÂ„ÃƒÂ´s Loudoun County School Board silences public comment, 2 arrested after meeting erupts 
",0,0.036653918,1.34E-08,0.012675843,0.004635197
32,1786,1787,VIDEO: A Virginia teacher stood up against a local school board by encouraging parents and students to speak out against their racial agenda. ,0,0.063555651,4.12E-07,0.006655109,7.13E-06
33,701,702,"   Looks like covering for rape is how this democracy works.

A girl was raped May 28th by a ""non binary"" student and on June 22 the school board lied and said they have had no assaults.

",0,0.098127941,1.12E-06,0.020477279,3.66E-05
34,1078,1079," 
Loudoun County School Board
stopped this father telling the County of his daughters rape.
Perpetrated by a boy wearing a skirt, using the female toilets! ",0,0.184181104,5.14E-06,0.022974235,0.000184209
35,732,733,Loudoun County father who was dragged out of woke school board meeting and arrested was trying to tell other parents his daughter was raped by a boy 'in a skirt' in the girls' bathroom and that staff ignored it   ,0,0.035959879,3.15E-06,0.024180928,2.93E-05
36,2249,2250,"The Loudoun County School Board in Virginia abruptly cut off its public comment period Tuesday night, when a crowd commenting on a proposed policy that would expand transgender student rights became unruly. ",0,0.05033579,5.03E-08,0.008754587,2.27E-07
37,1094,1095,"Alternatively:

Parents VIOLENTLY Protesting Critical Race Theory And Transgender Teaching in Classrooms Arrested At School Board Meeting in Loudoun County   ",0,0.032979205,7.23E-08,0.004786155,0.000825075
38,616,617,Loudoun County Parents are fighting like Hard Knocks to get rid of and BAN CTR in Loudoun County. There even recalling the School Board for there Support in CRT.,1,0.793226805,0.01501812,0.8208026,0.9725566
39,1425,1426,"And so begins the incremental walk to Loudoun County...

",0,0.140442902,0.000499085,0.045385089,0.0042414
40,1613,1614,"That's what happens when you put egotistical idiots in charge.  It's my way or no way, na na na na na.  Get rid of her, replace her.  FoxNews",1,0.209407297,0.9992532,0.34232477,0.9967912
41,799,800,     It's not a claim. Both parties had sample ballots. Both parties included endorsed candidates for the non partisan positions for school board and soil and water conservation. Do you even live in Loudoun?,0,0.077603322,0.004086805,0.009394495,0.8099167
42,2071,2072,"Go to the school board meeting and ask them the same questions. Then ask why they wonÃ¢Â€ÂšÃƒÂ„ÃƒÂ´t answer them. Loudoun school parents 'livid and sickened' after being kept in dark about sex life survey

",0,0.102431252,4.14E-05,0.202961019,0.00063854
43,2341,2342," A man gets arrested for making threats at a School Board meeting (near DC). Incident covered by NBC.


AG announces authorities will ""target"" school board threats


AG says he doesn't know (inconvenient) facts behind arrest

SMDH",0,0.186451051,4.41E-05,0.122363385,1.66E-05
44,93,94," ""Consent of the Governed"" has no meaning to the Loudoun County School Board.",0,0.064581519,4.68E-05,0.071075916,0.00052361
45,1244,1245, Did he let sexual assaults in northern Virginias schools get swept under from public view too? HowÃ¢Â€ÂšÃƒÂ„ÃƒÂ´s that investigation into the Loudoun School board going? Even started yet?,1,0.245222407,0.003431529,0.14548329,0.30704436
46,605,606,"LoudounCountyÃ¢Â€ÂšÃƒÂ„ÃƒÂ´s sheriff rejected a request by the school districtÃ¢Â€ÂšÃƒÂ„ÃƒÂ´s superintendent to dramatically ramp up the LawEnforcement presence at a pair of school board meetings in August, newly released emails show. ",0,0.086462296,0.04344305,0.01375331,0.003390067
47,1775,1776, Cowardice on display by Loudoun County School Board.,0,0.049043968,4.05E-06,0.082686524,0.001707802
48,2486,2487,"WOKE Loudoun County school $275K-a-year superintendent apologizes for failing to protect female student aged 15 from rape by boy in a skirt in the girls' bathroom: Board member resigns
",1,0.655929261,0.99999964,0.661345992,0.9952598
49,1259,1260,"March is the ""Virginia School Board Association Equity in Education Month"" in loudouncounty Ã¯Â£Â¿ÃƒÂ¼ÃƒÂ´ÃƒÂ‘

Always love the tone deaf virtual signaling from Loudoun County Public Schools. ",0,0.097893533,4.68E-08,0.141043342,0.000121925
50,1341,1342, The Loudoun county school board members should be charged with felony accessory charges.,1,0.420550341,0.9999901,0.66876,0.99508923
51,1920,1921,"The note was sent to Loudoun County school board member Brenda Sheridan's child. The family read it around Christmas. It threatened death unless Brenda quit.
We documented &gt;200 threats &amp; harassing messages to US school board members   Ã¯Â£Â¿ÃƒÂ¼ÃƒÂ«ÃƒÂ¡  ",1,0.648668244,0.99941945,0.783243001,0.9901894
52,573,574,Loudoun school board meeting erupts in shouting as parent group submits petition to oust boardÃ‚Â¬Ã¢Â€Â chairman ,1,0.770438012,0.9999199,0.810182422,0.9999088
53,781,782,"Parents sue Loudoun County school board over bias program, policing student speech  freespeech discrimination Virginia",1,0.172831079,2.68E-05,0.105325362,0.014632519
54,1188,1189,School board SJWs suppressed dissent by sabotaging public meeting. ManagedDemocracy Ã¢Â€ÂšÃƒÂ„ÃƒÂ® increasingly a Thing in America ,0,0.047632623,0.54778934,0.009161087,0.00025067
55,1546,1547,...&gt;Virginia mom who survived Maoist China eviscerates school board's/Biden's critical race theory push  FoxNews,0,0.040152486,0.000369884,0.007270685,1.64E-05
56,1903,1904,"Governor Youngkin has amended a bill to set up an election for the entire Loudoun County School Board this year

Original bill was technical fix to stagger terms that passed unanimously 

Would need to pass Dem controlled Senate, not sure if it will

",1,0.652472706,0.9977163,0.682677202,0.5484722
57,1623,1624,"  You are correct. I live in Loudoun County, VA. My district was ground zero for out of control school board meetings due to the disinformation highway of CRT, vaccines, masks &amp; transgender rights. The alt-right has a mission to repeat untruths so often that people became fearful.",0,0.055704796,3.35E-05,0.060288719,0.22086354
58,958,959,"We're hearing that there are teachers who support Tanner but will not speak out b/c they're fearful that LCPS will do the same thing to them.

So that we're clear. Woke teachers and school board officials can call parents racists, sexists, homophobes and keep doing their jobs. 2/",0,0.108680885,0.000165465,0.011192347,0.000392539
59,221,222,"Loudoun County father arrested at school board event says school tried to cover up daughter's bathroom assault


I would be arrest but the abuser would be at the hospital or the morgue. Support the dad not the freaking abusers you asshats",0,0.091941898,0.04346779,0.024156477,0.000143256
60,1819,1820,      No one threatened lives of teachers which is why National School Board withdrew their letter. But teachers THREATENED PARENTS. And parents in NOVA - Dem &amp; GOP KNOW IT. ,0,0.094979047,5.31E-05,0.030546568,0.93674755
61,1588,1589,Ã¯Â£Â¿ÃƒÂ¼ÃƒÂ­Ã¢Â€Â¢Glenn Youngkin says 'there must be resignations' for 'gross negligence' on Loudoun County School Board ,1,0.5518937,0.9999926,0.721192148,0.998456
62,2359,2360,"Look at this news article from The Daily Caller: Loudoun County Superintendent Informed School Board Of Alleged Sexual Assault, Contradicting BoardÃ¢Â€ÂšÃƒÂ„ÃƒÂ´s Claim It Was Ã¢Â€ÂšÃƒÂ„ÃƒÂ²Not AwareÃ¢Â€ÂšÃƒÂ„ÃƒÂ´ ",0,0.174157521,0.00154453,0.103686504,0.004515994
63,830,831, And also the Loudoun county school board,0,0.055421281,3.61E-06,0.029614734,0.018089721
64,1596,1597,"Remember the Loudoun County school board meetings? 

Remember this guy? 

A lot of you applauded the way the school board handled things. 

His 13 year old daughter was raped by a boy in a skirt in the schoolÃ¢Â€ÂšÃƒÂ„ÃƒÂ´s bathroom. He just wanted to know why his kid wasnÃ¢Â€ÂšÃƒÂ„ÃƒÂ´t safe.  ",0,0.05646126,1.38E-07,0.017178407,0.001570465
65,3,4,Virginia mom who survived Maoist China eviscerates school board's Critical Race Theory push!  FoxNews,0,0.025228112,1.80E-07,0.010291383,9.64E-07
66,116,117,Former Sen. Dick Black (faaaar-right Republican) is the guy who spoke the other day at that Loudoun County School Board meeting. Here he is hanging out with (and strongly agreeing with) virulently anti-LGBT Eugene Delgaudio.  ,0,0.156817958,2.09E-08,0.127326006,1.75E-05
67,589,590,"WATCH! Loudoun, Virginia School Board Has Constituents Arrested For Not Leaving Meeting &amp; Protesting Them.. ",0,0.035692719,0.000117795,0.016020113,0.01902188
68,697,698,"The Loudoun school board fight was organized not staged or fake. After winning LGBT battles the Left is really over-pushing LGBT hard &amp; using Trans as the spear. No diplomacy.  At the end of the day the ""trans-folk"" are a tiny minority &amp; so called county Christians a large force.",0,0.158156698,6.88E-05,0.226609665,0.003565269
69,1232,1233,"Loudoun County School Superintendent Admits Ã¢Â€ÂšÃƒÂ„ÃƒÂ²FailedÃ¢Â€ÂšÃƒÂ„ÃƒÂ² Effort to Provide a SafeÃ‚Â¬Ã¢Â€Â Environment, Left-Wing Board Member Resigns  via ",1,0.795138693,0.999998,0.803773752,0.8818173
70,1276,1277," Hear that Loudoun County School Board?

ThemÃ¢Â€ÂšÃƒÂ„ÃƒÂ´s the Winds of Change.",0,0.05301076,3.85E-05,0.019658153,0.13633479
71,569,570,"Loudoun County's school superintendent notified the school board the day that a school girl was sexually attacked by a male student wearing a skirt in the school toilets. The girl told her father who went to the school where he was restrained by security
 ",0,0.121178055,6.91E-06,0.045181937,1.13E-06
72,2394,2395,"A Loudoun County, Virginia, teacher abruptly quit her job during a school board meeting after she railed against the teaching of critical race theory in public school classrooms
",0,0.067937025,2.09E-07,0.009160493,1.57E-07
73,587,588,"Stopped by the Loudoun County School Board meeting last night to hear from parents about their concerns regarding their childrenÃ¢Â€ÂšÃƒÂ„ÃƒÂ´s education. In Virginia parents have a fundamental right to make decisions concerning the upbringing, education, &amp; care of their children. ",0,0.153691871,6.86E-08,0.191457511,3.45E-05
74,196,197,Virginia GOP governor candidate demands probe of Loudoun County school board  ,1,0.675867874,0.99689424,0.556969797,0.98327684
75,110,111,"ItÃ¢Â€ÂšÃƒÂ„ÃƒÂ´s time America turns its back on  Ã¢Â€ÂšÃƒÂ…Ã‚Â¶Ã¢Â€ÂšÃƒÂ…Ã‚Â© Ã¢Â€ÂšÃƒÂ…Ã‚Â¶Ã¢Â€ÂšÃƒÂ…Ã‚Â© have lied, colluded with democrats &amp;  have cheated the American public of the truth.Nets Turn Backs on Loudoun Parents Meeting Major Step for School Board Recall | Newsbusters ",1,0.650066011,0.9997942,0.813919162,0.004314167
76,2465,2466,                                                  IÃ¢Â€ÂšÃƒÂ„ÃƒÂ´ve been to the Loudoun country school board meetings &amp;heard the parents state what their kids are being taught. No kid owes anyone anything for what was done by someone else. No kid should be penalized so anyone can be placed ahead of them. These were comments from the meeting,0,0.163751214,0.002954434,0.022287796,0.003844099
77,225,226,"LCPS School Board Member, John Beatty, Confirms the Truth On LauraÃ‚Â¬Ã¢Â€Â Ingraham  ",0,0.154720366,4.51E-06,0.044528064,0.009402463
78,177,178,"Governor Youngkin lost Loudoun County by 10+ points. What possible standing does he have to tell them they canÃ¢Â€ÂšÃƒÂ„ÃƒÂ´t keep their school board? 

I hope journalists will cover this sad move as the affront to democracy it is. ",1,0.368451975,0.7450473,0.479323901,0.31366473
79,1826,1827, Why do you care so much about the Loudoun County school board?,0,0.075556418,1.24E-05,0.094785706,0.003471355
80,1900,1901,"Loudoun School Board meeting erupts into shouting as parent group files petition to oust board chair. 
Fox News.  

 via ",1,0.92686707,0.998667,0.958580414,0.9999846
81,1123,1124,Public Will Have Restricted Access to Loudoun School Board Meetings  via ,0,0.03609084,7.45E-07,0.007802455,0.00074758
82,1422,1423,"Loudoun school board reaches settlement with teacher who sued over ... (Washington Post)

The Loudoun County school system has settled with a teacher who sued the district over its p...

Add your highlights:

 Education",0,0.180384304,0.00814826,0.091261191,0.001025782
83,2345,2346,"  IÃ¢Â€ÂšÃƒÂ„ÃƒÂ´m sure you are supporting the Loudoun County school boardÃ¢Â€ÂšÃƒÂ„ÃƒÂ´s coverup scheme where children are raped in school under their work policies! I mean, you had the dad of 1 girl on your clip! IÃ¢Â€ÂšÃƒÂ„ÃƒÂ´d be enraged if my child is hurt in school and the board is complicit",0,0.160662797,9.17E-06,0.05592305,0.030409422
84,1739,1740,Moment sobbing Loudoun County teacher QUITS in protest over CRT lessons ,0,0.04379235,0.000502422,0.002690346,0.000881385
85,1044,1045,  Do you know what the father at the Loudoun VA school board meeting was arrested for? He spoke up when they claimed there had been no sexual assaults in school bathrooms &amp; told them his daughter had just been raped &amp; also another girl. He was arrested for speaking w/o permission.,0,0.053603581,2.67E-06,0.010962379,5.50E-05
86,570,571,"Later, Tucker ended with clips from Loudoun County parents giving the school board excerpts from the so-called literature students have been assigned. Nasty stuff. As someone who supports public schools more than other conservatives, this is a great argument against them. ",0,0.12293687,3.27E-06,0.060166541,3.34E-05
87,1686,1687,Loudoun County School Board Cuts Off Speaker As He Recounts Being Sexually Abused As A Child ,0,0.065164088,2.18E-07,0.088128938,0.000383577
88,356,357,School Board Fleshes Out Controversial and Sensitive Topic Guidance for TeachersÃ‚Â¬Ã¢Â€Â   Loudoun ,0,0.089018436,1.73E-09,0.266563315,0.00248482
89,2381,2382,"Outstanding andÃ‚Â¬Ã¢Â€Â  worth reading article. 

A mother in Northern Virginia schooled Loudoun County Public School (LCPS) Board and Superintendent Dr. Scott Ziegler by Ã¢Â€ÂšÃƒÂ„ÃƒÂ²Let Me Educate YouÃ¢Â€ÂšÃƒÂ„ÃƒÂ´ overÃ‚Â¬Ã¢Â€Â  Ã¢Â€ÂšÃƒÂ„ÃƒÂ²RacistÃ¢Â€ÂšÃƒÂ„ÃƒÂ´ critical race theory (CRT) teaching.

",0,0.113401802,1.59E-05,0.026481799,0.002929423
90,407,408,"Our Virginia team was instrumental in collecting signatures for the Loudoun school board recall! We are seeing change where it matters most - our childrenÃ¢Â€ÂšÃƒÂ„ÃƒÂ´s schools.
Your generosity helps us train passionate parents to run for school board and win!
 ",1,0.834425365,0.9994861,0.821593346,0.99742055
91,554,555,Anti-critical race theory org taking aim at Loudoun County School Board in half million dollar adÃ‚Â¬Ã¢Â€Â buy ,0,0.513921487,0.22724426,0.378472133,0.2088901
92,2333,2334,"Loudoun County Parents Show Up at School Board Meeting with More Than Enough Signatures to Remove Board Chair  via  Remove, No thrown in Jail!
Good job parents! letsGoBrandon ComingBack2024",1,0.863945223,0.9999958,0.995235912,0.9996815
93,692,693,"Man arrested at Loudoun County school board meeting says officials covered up his daughter's rape  ///THOSE PARENTS MUST SUE EACH SCHOOL OFFICIAL, FOR MILLIONS EACH, FOR SUPPORTING RAPE IN SCHOOLS, SUE EACH ONE ON THE BOARD, FOR MILLIONS EACH,",1,0.155611757,0.23552293,0.241920317,0.5668838
94,1102,1103,"Ã¢Â€ÂšÃƒÂ„ÃƒÂ²WeÃ¢Â€ÂšÃƒÂ„ÃƒÂ´re Still Here,Ã¢Â€ÂšÃƒÂ„ÃƒÂ´ Loudoun Parents Say, Ã¢Â€ÂšÃƒÂ„ÃƒÂ²WeÃ¢Â€ÂšÃƒÂ„ÃƒÂ´re Not Spiking The Ball Because Youngkin WonÃ¢Â€ÂšÃƒÂ„ÃƒÂ´  via ",0,0.352718429,0.001940405,0.495944971,0.61884946
95,466,467,"SoÃ¢Â€ÂšÃƒÂ„Ã‚Â¶ parents who speak up at school board meetings in Loudoun County are placed on a DOJ terrorist watchlist 

YET

People can openly advocate for violence at the homes of Supreme Court Justices and this administration applauds them ",0,0.137155834,0.007184228,0.147850173,0.030119387
96,1989,1990, Is this the Loudoun County School Board? ,0,0.049043968,3.23E-06,0.082686524,0.001652369
97,1203,1204,"193 days till the loudoun county school board goes on trial, and the loudoun county parents are the jurors. 

Nov 5th. Save the date 

school schoolboards Loudoun saveourschools kidsfirst     ",1,0.235034683,0.6911431,0.422719657,0.84108835
98,530,531,RT RT RT YES THE FIGHT IS ON IN LOUDOUN COUNTY. THIS WHOLE SCHOOL BOARD NEED TO GO ,1,0.291435349,0.40186563,0.500232604,0.686062
99,1246,1247,. Two US feminist organizations demand that you maintain single-sex spaces. Girls deserve privacy. Every member of your school board received this letter yesterday. Say no to obliterating single sex spaces today.   ,0,0.330662328,0.23896214,0.432985324,9.30E-06
100,562,563,Ã¯Â£Â¿ÃƒÂ¼ÃƒÂ«ÃƒÂ§ Teacher confronts Loudoun County school board's apparent progressive agenda in fiery speech: 'This isn't over'  FoxNews,0,0.108115372,1.93E-06,0.01681965,9.47E-05
101,785,786," These people did not vote for Biden.  Their position is based on a lie and racism.  Are we supposed to ""listen"" to that?  

",0,0.242523457,1.47E-05,0.047293416,0.02270443
102,441,442,"So, Loudoun Co. school board tries to cover up the rape of a girl in the girl's restroom by a guy who occasionally wears a skirt to school. The girl's father objects, and is arrested. I'm sure AG Merrick ""Judy"" Garland is celebrating.  ",0,0.082509669,3.45E-06,0.039099928,1.57E-05
103,804,805,"Loudoun school board agrees to reverse suspension of teacher who spoke out against transgender policy


Ã¯Â£Â¿ÃƒÂ¼ÃƒÂ«ÃƒÂ§Ã¯Â£Â¿ÃƒÂ¼ÃƒÂ¡Ã¢ÂˆÂ«Ã¯Â£Â¿ÃƒÂ¼ÃƒÂ¡Ã¢ÂˆÂ",0,0.030390795,8.99E-09,0.000558537,3.09E-05
104,2460,2461,"This is definitely a surprise; however, it needs to happen. The  will find awesome school board candidates. Both the  and Loudoun County GOP were great at helping me with my HOD race last year. 
",0,0.26029793,0.7612328,0.07385211,0.014859831
105,999,1000,"Anti-Critical Race Theory Organization Launches $500,000 Ad Campaign Criticizing Loudoun County School Board | The Daily Caller - ",1,0.510970297,0.9475789,0.650713231,0.9399242
106,1205,1206," If any Loudoun County school board member who supports this tyranny gets re-elected, SHAME, SHAME, SHAME on the voters in that member's district.",1,0.589248707,0.99892765,0.893009286,0.91973037
107,245,246,This speech at the Loudoun county school board meeting was absolute ,0,0.054455311,1.86E-09,0.002644952,3.12E-06
108,498,499,This story is nuts. Remember the man handcuffed &amp; arrested at Loudoun County school board meeting? About the trans policy at the school? Turns out his daughter was raped in the girls locker room by a man who wears a skirt &amp; the school tried to hide it. ,0,0.058027723,1.25E-08,0.005264111,2.59E-06
109,1817,1818,"Loudoun County Virginia school board despite the Governor and parents wishes require mask be worn in school. Why?
Their egos of being more powerful than everyone else. They will harm children to boost those egosÃ¢Â€ÂšÃƒÂ„Ã‚Â¶
They are monsters of the worst kind!!!",0,0.270042765,9.85E-06,0.50534519,0.001372797
110,1922,1923,  Loudoun County school board must resign!!!!!! They're indoctrinate our kids!!!! It's wrong!!!!!!,1,0.737945106,0.99999046,0.911164528,0.99979204
111,2145,2146, Loudoun is full of right wing nutters just look at the behavior at school board meetings and all of the kkk flyers found every few weeks. Shithole county,0,0.096478012,0.004555982,0.007689182,0.00089617
112,2395,2396,Two arrested at Loudoun County School Board meeting after public comments were shutÃ‚Â¬Ã¢Â€Â down ,0,0.055904593,5.45E-06,0.00668744,2.97E-05
113,1335,1336,"CW: sexual assault

If I ran for school board, how many (more) r threats would I receive? Or would they mostly be aimed at my children (ages 10 and 4)? 

This is the environment the right has created, here in Loudoun and in other key spots across the nation. How manyÃ¢Â€ÂšÃƒÂ„Ã‚Â¶",0,0.249543513,0.010820786,0.121398834,0.001017267
114,1997,1998,PACT Emails LCPS Superintendent Ziegler and LCPS School Board Asks for Immediate Resignation After (2) HS Girls Raped by SameÃ‚Â¬Ã¢Â€Â Kid ,1,0.528475193,0.99994636,0.291560747,0.99930274
115,1010,1011,"Beth Barts, who was facing calls for her removal, resigned from the Loudoun County School Board a few days after scathing revelations reported by the .  by ",1,0.821359953,0.99999535,0.994808917,0.9951746
116,250,251,LoudonCounty BREAKING: Loudoun County School Board Member Resigns Following Daily Wire Investigation ,1,0.917689766,0.9999987,0.968912644,0.99456704
117,2474,2475,"When a school board is using taxpayer dollars to try to block an investigation into the school systemÃ¢Â€ÂšÃƒÂ„ÃƒÂ´s cover-up of a sexual assault, itÃ¢Â€ÂšÃƒÂ„ÃƒÂ´s time for a change. ",1,0.199915795,0.011043907,0.123583174,0.006983212
118,2318,2319,Loudoun County School Board votes to continue mask mandate ,0,0.268423608,9.87E-08,0.551576669,0.000172742
119,1131,1132,"Loudoun School Board Meeting Crowd Erupts, Public Comment Session Halted - Loudoun Now ",0,0.046538492,1.17E-05,0.009570919,0.005131737
120,2393,2394, The school board of lcps ?,0,0.08583129,3.98E-05,0.015368812,0.017815925
121,1095,1096,"Watch Loudoun County Children Deliver Baskets Full Of Affidavits To A Frightened School Board

NoMoreBSNews ",1,0.153131644,0.03962632,0.127659749,0.23072474
122,328,329,"Critical Race Theory in the Classroom Ã¢Â€ÂšÃƒÂ„ÃƒÂ¬ What Is Good and What Is Gravely WrongAndrew Caballero-Reynolds Loudoun County Public Schools (LCPS) school boardmember Brenda Sheridan looks at her laptop durning a public school board

",0,0.390833196,0.004158536,0.03371184,1.58E-05
123,1740,1741,Loudoun County School Board Member Resigns; Lt. Colonel Scheller Sentenced |Ã‚Â¬Ã¢Â€Â NTD ,1,0.730282639,0.9999945,0.80838084,0.9979686
124,968,969,"Ã¢Â€ÂšÃƒÂ„ÃƒÂºThis is your last &amp; final warning!Ã¢Â€ÂšÃƒÂ„ÃƒÂ¹
Silencing critics is de rigeuer for this School Board

Further intimidating Loudoun parents with Closed Session vote: any audience Ã¢Â€ÂšÃƒÂ„ÃƒÂºinterruptionÃ¢Â€ÂšÃƒÂ„ÃƒÂ¹ (aka opposition), theyÃ¢Â€ÂšÃƒÂ„ÃƒÂ´ll unilaterally shut down public comment for hundreds &amp; just Ã¢Â€ÂšÃƒÂ„ÃƒÂ²move onÃ¢Â€ÂšÃƒÂ„ÃƒÂ´. ",0,0.206229744,0.000100686,0.254146729,0.16569078
125,136,137,"The fact that theyÃ¢Â€ÂšÃƒÂ„ÃƒÂ´re still forcing masks on everyone tells you how fkn stupid school boards are. 
 ",0,0.220286261,0.000628373,0.261776088,0.00082489
126,993,994, Lcps is endangering students through the covid pandemic and upcoming severe weather changes. I believe it is irresponsible of the school board to keep the facilities open throughout these times. Make a change for students safety.,0,0.120726659,2.98E-06,0.069521475,0.000343838
127,126,127,Loudoun County School Board NIGHTMARE Continues | The Chad Prather Show  via ,0,0.271240433,8.83E-06,0.495081851,0.012092534
128,2186,2187,"Youngkin demands resignations from Loudoun County School Board in wake of bombshell email

",1,0.929062515,0.99999964,0.988746276,0.9999615
129,81,82,"Ã¯Â£Â¿ÃƒÂ¼ÃƒÂ«ÃƒÂ§Ã¯Â£Â¿ÃƒÂ¼ÃƒÂ«ÃƒÂ§Ã¯Â£Â¿ÃƒÂ¼ÃƒÂ«ÃƒÂ§Ã¯Â£Â¿ÃƒÂ¼ÃƒÂ«ÃƒÂ§Ã¯Â£Â¿ÃƒÂ¼ÃƒÂ«ÃƒÂ§Ã¯Â£Â¿ÃƒÂ¼ÃƒÂ«ÃƒÂ§Ã¯Â£Â¿ÃƒÂ¼ÃƒÂ«ÃƒÂ§Ã¯Â£Â¿ÃƒÂ¼ÃƒÂ«ÃƒÂ§Victory For Parents As Judge Sides With Loudoun Parents, Against Prosecutor On School Board Recall
 ",1,0.870482415,0.07320046,0.987654314,0.057977173
130,1578,1579,"Candidate quality matters:  Youngkin turned out to be an excellent retail politician, McAuliffe absolutely awful.  But big thanks also to the Loudoun Co. school board and AG Garland for really turning out the vote for Youngkin.  Brilliant play!",0,0.375840426,0.002683187,0.392234879,0.19584966
131,780,781,Loudoun school board member seeks superintendentÃ¢Â€ÂšÃƒÂ„ÃƒÂ´s resignation over transgender policy ,1,0.636825997,0.16543117,0.814894272,0.5151133
132,2035,2036,                                                  More than 60 parents and students addressed the Loudoun County School Board during a fiery meeting Tuesday night in the wake of the two alleged assaults that occurred at two different schools on May 28 and Oct. 6.,0,0.133896003,1.53E-06,0.090252408,0.003725601
133,515,516,"They aren't going away
",0,0.12458615,0.32668298,0.147910377,0.30195612
134,1703,1704, In Loudoun County a quorum of school board members had a private FB group where they kept a list of parents they deemed insufficiently anti-racist. 600 people in group including teachers &amp; admins. Total violation of open meeting laws. Of course parents were angry.,1,0.520638067,0.002743332,0.78768284,0.004901427
135,1818,1819,"School Board Summary April 27,  LCPS Loudoun ",0,0.06971154,2.07E-05,0.025582342,0.005053252
136,2042,2043,"Since when do schoolboards not answer to the parents and the community? Since when are they not accountable, public servants?

Time to teach conservative activists how to successfully recall those elected to office.

loudouncounty 

",1,0.650901042,0.9999845,0.62475852,0.9977277
137,2281,2282,"""You have buried a sexual assault to protect your precious 8040 policy,"" Carrie Michon, a grandmother of Loudoun County children, accused the school board, referencing a pro-transgender policy. ""Every last one of you, resign!""",1,0.58676518,0.9999982,0.212801529,0.80664647
138,1714,1715,"Virginia's Loudoun County School Board silences public comment after raucous meeting, 2 men arrested  FoxNews

LEFT TRYING TO IMPOSE THEIR RADICAL HATE-FILLED AGENDA

VRA",0,0.072627996,2.21E-07,0.024354591,7.57E-05
139,1616,1617,"Loudoun County parents demand resignation of $295K-a-year superintendent who DENIED any student had reported a sex assault one month AFTER 15-year-old girl told teachers she was raped by ...
via  ",1,0.609250592,0.9992824,0.490997283,0.22484346
140,1481,1482,"Parents can be a scary bunch! Superintendent Ziegler made an Ã¢Â€ÂšÃƒÂ„ÃƒÂºextraordinary requestÃ¢Â€ÂšÃƒÂ„ÃƒÂ¹ of Ã¢Â€ÂšÃƒÂ„ÃƒÂºmultiple LCSO deputies, a five-person Quick Reaction Force (QRF), undercover LCSO deputies at the administrative building, a special operations team...Ã¢Â€ÂšÃƒÂ„ÃƒÂ¹ Fox News 

",0,0.082005627,0.001333096,0.025847804,0.000407162
141,1080,1081,"  I live here in Loudoun. There have been two statements released, by the LCSO and the school board. Both confirmed the story and bothed pointed fingers at the other.",0,0.072831779,0.000488229,0.008462537,0.000656558
142,934,935,"To all who came to protest against CRT during a Loudoun County School Board meeting earlier should be embarrassed. Would love to know your understanding of what CRT actually involves. Please comment. 

You are free to remain ignorant just don't punish the children. Virginia ",0,0.076995568,2.17E-06,0.029137751,0.002621641
143,1784,1785,   I'm working in Loudoun County right now. The media has done a great job of keeping this hush hush. Folks I've talked to weren't even aware of it. The school board and the county DA should be jailed.  Prayers for the parents who's children are still in the care of these monsters.,1,0.406311647,0.99993324,0.545523196,0.97029984
144,2090,2091,Meet AshburnÃ¢Â€ÂšÃƒÂ„ÃƒÂ´s new rep on the besieged Loudoun School Board -  ,0,0.058388755,0.069540635,0.018086563,0.019826187
145,727,728,"Thousands of Fed-Up Loudoun County Parents Work Together to Banish Disgraced School Board Members

READ: ",1,0.641043125,0.99988234,0.44577603,0.9691799
146,2163,2164,Loudoun school board member Beth Barts resigns her position  Go parents and Fight for schools groups!  These arrogant  school board members believe they own our kids and they don't! Schools need to teach what parents want them to teach period! CRT is out,1,0.750713816,0.9993993,0.992248875,0.97088766
147,2193,2194," ""Radical"" Loudoun School Board?? is he kidding? Such desperation.",0,0.106161116,0.000224651,0.205295097,0.001602772
148,2317,2318,Parents file petition to remove Loudoun County school board chair  ,1,0.879523539,0.9999999,0.998522975,0.9991553
149,480,481,"pact parentsagainstcriticaltheory loudouncounty
Where you go one, you go all.  Tough week, huh? Forecast for next week? Not looking good.
        
",0,0.171819461,7.59E-05,0.156974067,0.043789048
150,1076,1077,"The same LCPS school board now begging for you to believe them about rape cover-ups, still has the enemies-listing banshee that was caught lying to the Sheriff in the previous investigation on it.

In case anyone was wondering about how credible they are here.",0,0.303840007,8.35E-06,0.767017398,0.001166964
151,1560,1561,"Hearing that a school board meeting in Loudoun Co VA got violent about trans students is no surprise having lived near Loudoun and knowing the region politically, BUT.

Anti-trans reactionism isnÃ¢Â€ÂšÃƒÂ„ÃƒÂ´t just in the rural US. (Loudoun is full of rich tech people!) ItÃ¢Â€ÂšÃƒÂ„ÃƒÂ´s everywhere.",0,0.129577383,1.89E-06,0.018006934,0.000107636
152,580,581,Two parents arrested as woke Loudoun County School Board meeting descends into violence over new trans rules  ,0,0.075126992,1.12E-07,0.090163027,4.63E-05
153,849,850," Loudoun County will be Red in November.  The parents are pissed off, and they have had enough of the commie School Board.",1,0.30806799,0.98569214,0.333846599,0.49877185
154,352,353,"1/4Ã¯Â£Â¿ÃƒÂ¼ÃƒÂ®Ã¢Â€Â¢Ã¯Â£Â¿ÃƒÂ¼ÃƒÂ®Ã¢Â€Â¢Ã¯Â£Â¿ÃƒÂ¼ÃƒÂ®Ã¢Â€Â¢Ã¯Â£Â¿ÃƒÂ¼ÃƒÂ®Ã¢Â€Â¢Ã¯Â£Â¿ÃƒÂ¼ÃƒÂ®Ã¢Â€Â¢Last night at the Loudoun County School Board meeting, a student board representative was heckled by one of the audience members. ArmyOfParents does not condone this behavior under any circumstances. That student is a child.",0,0.2442419,3.54E-06,0.029647346,0.000285988
155,743,744,"LCPS are closed tomorrow, Jan. 4, 2022 with Admin Offices opening at NOON.  All evening activities on school campuses are cancelled. 

The organizational meeting of the School Board will go on, as scheduled, at 6:30 p.m. Tuesday. ",0,0.06281839,2.37E-06,0.044013581,8.69E-05
156,866,867,    Loudoun Virginia high school students stage boycott Walk out a high score over cover-up of rape of a female student by school board and the administration,0,0.080342522,1.08E-05,0.04076898,0.21085912
157,1225,1226,Loudoun County School Board shuts down public comment ,0,0.051666891,8.25E-08,0.017305202,1.82E-07
158,2343,2344, Everyone on the Loudoun County Public School Board should resign or be fired immediately!!,1,0.7727817,1,0.995894668,0.9999993
159,9,10," ""It is painful to see Loudoun in the news like this ... The reality is, these are conversations that are happening in school districts across the country.""

Supervisor Letourneau on the contentious debates at school board meetings

",0,0.044308947,7.11E-06,0.007342505,0.00074715
160,1828,1829,The convicted teen's lead attorney today was Caleb Kershner.  Kershner is on the Loudoun County Board of Supervisors &amp; said in court this morning his client was put in a situation by the school that should have never happened.   loudouncounty ,0,0.352094239,0.001297564,0.184954224,0.002657209
161,1778,1779,"AfricaBrief Loudoun County parents demand superintendent resign over alleged sexual assaults in schools: More than 60 concerned parents, students, and residents spoke at the Loudoun County School Board meeting Tuesday, with many demandingÃ¢Â€ÂšÃƒÂ„Ã‚Â¶  AfricaBrief ",1,0.560220588,0.9999783,0.498473212,0.9848365
162,2195,2196,'Resign tonight! All of you!': Emails show Loudoun school board knew abo...  ,1,0.760582365,0.9999995,0.843525621,0.9898375
163,895,896,"Virginia parents blast school board over graphic books, critical race theory: 'Pretty despicable' | Fox News Ã¢Â€ÂšÃƒÂ…Ã‚Â¶Ã¢Â€ÂšÃƒÂ…Ã‚Â© Ã¢Â€ÂšÃƒÂ…Ã‚Â¶Ã¢Â€ÂšÃƒÂ…Ã‚Â© Ã¢Â€ÂšÃƒÂ…Ã‚Â¶Ã¢Â€ÂšÃƒÂ…Ã‚Â© Ã¢Â€ÂšÃƒÂ…Ã‚Â¶Ã¢Â€ÂšÃƒÂ…Ã‚Â© Ã¢Â€ÂšÃƒÂ…Ã‚Â¶Ã¢Â€ÂšÃƒÂ…Ã‚Â© Ã¢Â€ÂšÃƒÂ…Ã‚Â¶Ã¢Â€ÂšÃƒÂ…Ã‚Â©  ",0,0.394919972,0.000794117,0.306851468,1.21E-05
164,876,877,"If you are a registered Loudoun County voter who has not yet signed a school board recall petition, please go to this web site and find a signing event or fill out the request form and someone will contact you to arrange signing. 

",1,0.873075087,0.9996617,0.871159551,0.99998367
165,1869,1870,   IÃ¢Â€ÂšÃƒÂ„ÃƒÂ´m not a parent but my Loudoun County has now gone to an all time low in the schools ,0,0.175034745,0.00927865,0.163857327,0.000733759
166,229,230,"Loudoun SB  are anti parent and anti 1A. They are sick and want you silenced. Too bad. Right on, recall, remove, replace. Action action action. ",1,0.610488695,0.99957687,0.894596678,0.9943749
167,233,234,Glenn Youngkin calls for investigation into Loudoun County school board over sexual-assault case Ã¢Â€ÂšÃƒÂ„ÃƒÂ¬Ã‚Â¬Ã¢Â€Â NEWPAPER24 ,1,0.775969461,0.9855058,0.915268592,0.97679
168,825,826,"Lousy Loudoun county school board meeting live

",0,0.052324269,1.89E-08,0.011750656,0.001471496
169,667,668,More Petitions to Remove School Board Members Eligible for Court Filing  Loudoun ,1,0.856546781,0.9999999,0.995129161,0.99829394
170,1601,1602," DidnÃ¢Â€ÂšÃƒÂ„ÃƒÂ´t the school board just vote to use funding for bonuses for administrators? Ã¯Â£Â¿ÃƒÂ¼ÃƒÂ²Ã‚Â°Perhaps the Board of Supervisors should actually get SERIOUS about oversight of the spending of taxpayer $$$$ by LCPS,, and send a message to the school board that they MUST PRIORITIZE kidsÃ¢Â€ÂšÃƒÂ„ÃƒÂ´ needs",0,0.346231194,0.000143824,0.259177289,0.008341067
171,997,998," if the LCPS school board members still have their positions after the next election, then there is something seriously wrong with Loudoun County residents.",1,0.750780701,0.999995,0.861959987,0.7032185
172,1220,1221,"Parents in Loudoun county showed up in force to stand up against the ""wokest school board in America"" trying to force a left-wing agenda into schools. ",1,0.187873352,0.44843167,0.251438981,0.13725595
173,2154,2155,"School Board member steps down as the school district drew national attention over its handling of two sexual assault cases and critical race theory indoctrination.

",1,0.392433485,0.9999918,0.144476051,0.08857861
174,2076,2077,"Loudoun County Gives Disgusting Response to Alleged Cover-up of Rape Involving Transgender Policies - All Members Of Loudon County School Board Must Be FIRED Immediately &amp; Held Criminally responsible - PARENTS Protect Your CHILDREN 
 ",0,0.476243823,0.99999785,0.907137142,0.97422737
175,33,34,"The Loudoun County School Board is busy covering up rape because it distracts from their crusade to label upset parents as terrorists. Meanwhile, Virgina Democrats spent 2020 working to change the law to erase reporting provisions that defend victims of sex crimes. ",1,0.18319787,0.000627514,0.107592508,0.011192233
176,459,460,Parents Fight to Recall Loudoun County School Board: 'They Are Emotionally Abusing Our Children' ,1,0.781537682,0.999265,0.982627482,0.99601007
177,1713,1714, Catch a Loudoun County school board meeting,0,0.039207692,3.15E-07,0.001959953,0.001390756
178,1191,1192,"... Loudoun School Board hasnÃ¢Â€ÂšÃƒÂ„ÃƒÂ´t gotten the message
 - yet.

alldayeveryday - until they do ",1,0.215542394,0.012937975,0.37848841,0.09811797
179,1897,1898,"Iranian Christian immigrant goes OFF on woke school board: If you push preferred pronoun mandates then ""I will make you call my kids 'king' and 'queen'""! ",0,0.086652148,1.23E-05,0.068619331,2.81E-07
180,67,68,"EXPOSED: Loudoun County School Board Was Informed on the Day of Alleged Bathroom Assault
",0,0.143170196,0.000112701,0.328754526,0.002223556
181,2026,2027,"Mike Pence visits Loudoun County, calls on school board members to resign ",1,0.812293869,0.99999964,0.976755413,0.9961694
182,2192,2193,"The Loudoun Co. Public Schools system has reportedly denied that Critical Race Theory is part of teacher training &amp; curriculum.
",0,0.124625074,2.88E-06,0.024629023,4.55E-06
183,1839,1840,Matt Walsh LEVELS Loudoun County School Board: Ã¢Â€ÂšÃƒÂ„ÃƒÂºYou Are All Child AbusersÃ¢Â€ÂšÃƒÂ„ÃƒÂ¹  via  pass it on Until this insanity stops,0,0.133322112,5.72E-06,0.058156347,0.02161246
184,1398,1399,"2 parents protesting against CRT and a transgender policy have just been arrested after a Loudoun County, Virginia school board meeting was declared an unlawful assembly. ",0,0.099318167,2.24E-06,0.047315396,0.000369463
185,1915,1916,"Also, I understand Loudoun has a couple proposed maps for BOS and School Board?  If anyone has a link to those, please share!",0,0.115188761,4.26E-05,0.045947795,0.002236049
186,566,567,"  All the small ""local"" groups that spring up (especially in Loudoun County) will funded enough to bring lawsuits against school districts and school board members.",1,0.600083564,0.9974389,0.559622371,0.98439676
187,2157,2158,"Loudoun County parents give an inside look at these school board meetings and the insanity that is STILL ongoing in LCPS 

",0,0.057890067,1.20E-06,0.023966068,0.008151401
188,1320,1321,Loudoun School Superintendent Scott Ziegler needs to go.  Parents would not be raising so much hell if he and the school board would answer their questions and they do their jobs ethically.  He actually should be charged for covering up the sexual assault. ,1,0.290669481,0.99874336,0.542017777,0.8023591
189,726,727,  LOL - Pastor G was praying for the Loudoun School Board because he rightly believes it is demon possessed.,0,0.111909714,5.66E-06,0.645249955,0.000405031
190,1946,1947,The school board and admin of Loudoun school district should all be charged with crimes for covering up sexual assaults in their schools.  ItÃ¢Â€ÂšÃƒÂ„ÃƒÂ´s bad enough they indoctrinate kids but they have to held accountable for keeping kids safe. I wonder how many other rapes will come 4ward,1,0.233354513,0.9999192,0.347801546,0.9988746
191,676,677,"  4)There is some Pushback. But VA may not want the FBI around Loudoun County School Board after all that's come out over past days there.

",0,0.129557584,0.004252436,0.058829463,0.007710146
192,1548,1549,EXCLUSIVE: Manhattan Beach Unified School District Board Auditions for Loudoun County of theÃ‚Â¬Ã¢Â€Â Pacific ,0,0.048345526,2.03E-06,0.048997311,0.003198154
193,200,201,"LIVE NOW: Parents sound off at the Loudoun County, VA school board meeting. 

WATCH: ",0,0.043342522,2.93E-08,0.011255351,1.65E-05
194,851,852," 

The coverup continues 

Let this sink in 

As a father what would you do???  
Daughter sodomized by transgender and school coverup and father banned from School board meeting
",0,0.133769879,4.31E-06,0.015859918,0.006631805
195,858,859,"Matt Walsh LEVELS Loudoun County School Board: Ã¢Â€ÂšÃƒÂ„ÃƒÂºYou Are All Child AbusersÃ¢Â€ÂšÃƒÂ„ÃƒÂ¹

",0,0.05589863,4.28E-06,0.027354918,0.001919303
196,1052,1053,"Ã¯Â£Â¿ÃƒÂ¼Ã‚Â§ÃƒÂ®Ã¯Â£Â¿ÃƒÂ¼Ã‚Â§ÃƒÂ® chihuahua running scared?
",0,0.06814871,0.001350605,0.057632388,0.004967298
197,2363,2364,If only the Loudoun County School Board devoted this amount of security planning on ensuring their students aren't raped in bathrooms. ,0,0.057218113,1.09E-07,0.019527468,0.000446465
198,257,258,"""Parents in Loudoun County have been leading protests against the school boardÃ¢Â€ÂšÃƒÂ„ÃƒÂ´s policies despite the threats of lawsuits and being arrested.""

Analysis from , Right bias:

",0,0.144712248,0.40991366,0.135611459,0.74155104
199,1289,1290,"This is the garbage parents get from deeply WOKE Public School Boards!

Of course, what can you expect from the National School Board Association's Marxist Communications Director? Parents are Domestic Terrorists!

Loudoun is the WORST!
Fairfax is working hard to catch them! ",0,0.133749034,0.00108737,0.074776145,0.047700457
200,1927,1928,Ã¢Â€ÂšÃƒÂ„ÃƒÂ²A Dissenting Opinion Is Not AllowedÃ¢Â€ÂšÃƒÂ„ÃƒÂ´: Teacher Sobs As She Quits In Front Of School Board Over Ã¢Â€ÂšÃƒÂ„ÃƒÂ²High PoliticizedÃ¢Â€ÂšÃƒÂ„ÃƒÂ´ Agenda ,0,0.070625793,1.10E-05,0.014900359,0.002434535
201,514,515,"  Loudoun county school board messed up, and  its an extreme red wave. They won by less them 2 points.",0,0.074675132,0.012225385,0.033336158,0.78033805
202,1711,1712,Youngkin demands resignations from Loudoun County School Board in wake of bombshell email  FoxNews!!,1,0.937937706,0.99999976,0.991159753,0.999977
203,52,53,  Does your list apply to School Board members? ,0,0.2441448,0.002496182,0.950105983,0.13745224
204,2002,2003,"Beth Barts, Loudoun County School Board Member who led parents in the bullying of parents who don't hold her views, resigns but STILL FAILS TO UNDERSTAND THE WORD INCLUSIVITY. Message to all who support Barts: You're embarrassing yourself if you think you're inclusive/tolerant. ",1,0.651520053,0.7726017,0.735545565,0.96927065
205,262,263,"      What is the evidence of the specific death threats from Republicans?
Anything like the CRT supporter threatening to bring his 1000 soldiers ""locked and loaded""? 
",0,0.110947047,0.000127521,0.129301674,0.021140492
206,1430,1431,"WIN Daily Jan 20
Loudoun County Public Schools is determined to keep in-person learning in place. Even if it means defying the Governor.
Click to get your free subscription today.

COVID19 GlennYoungkin LoudounCountyPublicSchools ScottZiegler ",0,0.141528491,0.003714555,0.049576423,0.000340604
207,405,406,"investigation came when male student was allowed to use girls' facilities is sentenced to life sex offenderÃ¢Â€ÂšÃƒÂ„Ã‚ÂºÃƒÂ”Ã¢ÂˆÂÃƒÂ¨
Officials didn't disclose after superintendent was asked  mtg
Sex offender was moved to a diff school &amp; now convicted of another assaultÃ¢Â€ÂšÃƒÂ„Ã‚ÂºÃƒÂ”Ã¢ÂˆÂÃƒÂ¨ ",0,0.160670609,0.051778186,0.322091525,9.56E-06
208,1881,1882,"The State of Virginia's new attorney general Jason Miyares fired the conviction integrity unit &amp; announced a probe into Loudoun County School Board, plagued by scandal over critical race theory-inspired 'equity' lessons and a child rapist.  ",1,0.433111678,0.96860516,0.215198196,0.98610663
209,601,602,UDPATE: Loudoun County school board takes appeal to Supreme Court:  ,1,0.10196965,0.000233868,0.136357374,0.07305425
210,204,205,Ã¢Â€ÂšÃƒÂ„ÃƒÂ²See You in CourtÃ¢Â€ÂšÃƒÂ„ÃƒÂ´: Parents Announce TheyÃ¢Â€ÂšÃƒÂ„ÃƒÂ´ve Got Enough Signatures to Have Judge Oust Loudoun Co. School Board Members | CNSNews ,1,0.754706945,0.9978643,0.965335507,0.23220715
211,7,8, Thank you and the school board for representing and advocating for all of our students in Loudoun County.,0,0.075920885,0.000226524,0.096323159,0.000236957
212,1284,1285,Pressure from parents worksÃ¢Â€ÂšÃƒÂ„Ã‚Â¶ ,0,0.170535219,0.004456434,0.520476149,0.008357478
213,384,385,"   Umm, in Loudoun County, the School Board needed more than a nudge. They have arrogantly refused to listen to parents.
PromisesMadePromisesKept",1,0.325409975,0.001302709,0.414131972,0.004716354
214,734,735, Watch this Loudoun Cty school board issue die once the elections are over!!!,1,0.723364504,0.99998796,0.471565789,0.9528493
215,824,825,"Loudoun County principal and school system are not protecting its girls. Time to call for Tim FlynnÃ¢Â€ÂšÃƒÂ„ÃƒÂ´s resignation. The family should sue the school, the school board, and the idiot cop who arrested the father while unnecessarily roughing him up.  ",1,0.576719576,0.9863783,0.737319465,0.99657
216,2471,2472,"  I appreciate Rowling, but voted for Scott Smith, the Loudoun VA father whose daring face-down with the school board who enabled his daughter's rape due to a gender bathroom policy ended up throwing a US gubernatorial race. A father who, protecting his kid, brought down a regime.",0,0.216435178,0.003054442,0.095005497,0.00046858
217,109,110,Loudoun County VA momma grizzly Ã¯Â£Â¿ÃƒÂ¼ÃƒÂªÃ‚Âª unloads in  school board officials of the detrimental effects of masks and continued Covid 19 measures. ,0,0.295034317,0.000124759,0.126324278,0.001124766
218,1490,1491,"Loudoun County School Board chair accuses parents of 'dog-whistle politics'


Vote them the heck out in the next election! Enough of leftist intolerance disguise as woke racism Ã¢Â€ÂšÃƒÂ…Ã‚Â¶Ã¢Â€ÂšÃƒÂ…Ã‚Â© Ã¢Â€ÂšÃƒÂ…Ã‚Â¶Ã¢Â€ÂšÃƒÂ…Ã‚Â©",1,0.593682527,0.9986753,0.876095823,0.99926573
219,677,678,"Ã¢Â€ÂšÃƒÂ„ÃƒÂ´  is coming up on  and company n  105.9fm around 835am. 

Covering last nights  school board meeting in Loudoun Co VA. 

   ",0,0.070412685,1.09E-06,0.016835287,0.001680658
220,1878,1879,"Las Cruces Public Schools Board of Education voted to elect Pamela Cort to the vacant District 2 board position.

See story:  ",0,0.368692334,0.96495205,0.514639808,0.03533291
221,271,272,"Loudoun County School Board BLASTED Over Bombshell Daily Wire ExposÃ¢ÂˆÂšÃ‚Â©  via  LOUDON COUNTY SOUNDS LIKE A GREAT PLACE TO ""NOT"" RAISE A CHILD IN",0,0.17913453,7.89E-05,0.173476028,0.011068716
222,1716,1717,"LCPS school board changed the rules at the last minute, shipped in radicals from outside the county to jam up the public comment time, shut down public comment with many speakers still waiting, and pre-arranged heavy-handed enforcement.

But parents caused the chaos. ",0,0.083546729,1.28E-06,0.005099861,0.010898313
223,1600,1601,"""I canÃ¢Â€ÂšÃƒÂ„ÃƒÂ´t really just say what I mean, even though the other side can say whatever. To me, and to a lot of Chinese, it is heartbreaking that we escaped communism and now we experience communism here."" Xi Van Fleet (speech to Loudoun County, Virginia school board) 

SheÃ¢Â€ÂšÃƒÂ„ÃƒÂ´s Ã¯Â£Â¿ÃƒÂ¼ÃƒÂ­ÃƒÂ˜ right",0,0.126423261,2.11E-06,0.060078105,1.55E-05
224,1374,1375,"Virginia parents blast school board over graphic books, critical race theory: 'Pretty despicable'


Parents every where, of every race, need to be loud and active in rejecting CRT in their childrenÃ¢Â€ÂšÃƒÂ„ÃƒÂ´s schools.",0,0.152853336,0.000151842,0.237702798,6.75E-05
225,1056,1057,Loudoun County Superintendent has apologized for failing to provide a safe environment and one of the school board members has resigned. This is a start. How are they going to fix these problems moving forward?,1,0.810077508,0.99992645,0.686542473,0.9990578
226,1385,1386,"Father says his daughter was raped by boy in girls' bathrooms  via  do you remember this man , you do but this story won't play on the msm , the face of domestic terrorism at school board meetings the AG would have you believe an send the FBI to",0,0.086158488,0.000747404,0.008657471,0.000900767
227,2118,2119,School Board Implements New Anti-Discrimination PoliciesÃƒÂ”ÃƒÂ¸Ã‚Âº  Loudoun,0,0.22319607,5.95E-08,0.535462405,0.022470916
228,1765,1766,"It's not the impact of masking that you are angry about but the fact that we have all lost 2 years of our lives to COVID Kids seeing their parents fight in school boards, threaten school board members lives &amp; make student reps cry, that is shameful Loudoun ",0,0.279598947,0.10809578,0.514174376,0.006252004
229,2060,2061,"Why were Loudoun County, Va., schools on Fox News 78 times in four months? A preview of what the 2022 midterm elections might look like.  ",0,0.472291414,2.52E-06,0.20944984,5.44E-05
230,2058,2059,Critical gender theory is a mistake: Loudoun County school board's cover up of school rape is proof of woke disaster ,0,0.114065765,1.28E-07,0.060234011,0.000258046
231,645,646,   You do know that it is right? And the literature chosen by teachers to have their kids read... graphic sexually explicit material... googled Loudoun County Public School Board in the last year? Living under a rock?,0,0.068684776,2.76E-05,0.015164297,0.000357636
232,2116,2117,"Not entirely. Loudoun County Public Schools Superintendent and School Board members are still in place.
They'll looking for ways to evade, and they'll be slow-walking as much as they can what they can't evade. ",0,0.437076385,0.97724813,0.518220293,0.09240037
233,235,236,Loudoun email reveals superintendent notified school board on day of alleged sexual assault  via ,0,0.154471912,4.73E-05,0.198561038,0.013833432
234,539,540,WATCH: Loudoun County Teacher Addresses School Board before Resigning  via  ,0,0.309943893,0.000660263,0.213812061,0.015122389
235,1163,1164,Joint County and School Board Committee Nixes Potential Combined Healthcare Contract  Loudoun,0,0.250296238,3.41E-06,0.498975133,0.042830404
236,1459,1460,"Way to stop corrupt school board is to sue the school district and board members individually: Loudoun County responds after dad says school district concealed  daughter's bathroom assault by male in a dress in order to push their trans political agenda.

",1,0.363281021,0.98268986,0.319587859,0.9987029
237,274,275,I truly hope every Loudoun County school board member is looking at that new Republican governor and attorney general and crapping themselves.,0,0.720963932,0.07466505,0.576946416,0.028729428
238,1193,1194,"Email shows Loudoun County School Board knew about sexual assault the day it happened, contradicting previous statements.   ",0,0.097565467,2.37E-05,0.027390862,0.008841227
239,1644,1645,"   Also when you research,be sure 2see how Wexton did NOTHING to stop the ridiculous and possibly criminal Loudoun School boardÃ¢Â€ÂšÃƒÂ„ÃƒÂ´s agenda against parents and students.I get that Roe is important to some,but our kids are even more so and if we donÃ¢Â€ÂšÃƒÂ„ÃƒÂ´t stand for them who are we? ",1,0.185240602,0.020203924,0.306801201,0.006783298
240,2432,2433,"WATCHÃ¯Â£Â¿ÃƒÂ¼ÃƒÂ«ÃƒÂ„Ã¯Â£Â¿ÃƒÂ¼ÃƒÂ«ÃƒÂ¡ LoudounCountySchoolBoard  Meeting Erupts After SexualAssault MeToo Bombshell: Ã¢Â€ÂšÃƒÂ„ÃƒÂ²You Buried a Rape Ã¢Â€ÂšÃƒÂ„ÃƒÂ´
SaveTheChildren
ParentsMatter
TakeBackOurSchools
school CHOICE
Homeschooling 

",0,0.118610546,0.014951328,0.03148824,0.016284138
241,1258,1259,"BLACKOUT: , , and  skip Loudoun County students protesting lib school board that covered up rape of a minor girl.  ",0,0.054567591,0.001524563,0.012100071,0.000257833
242,372,373,"Bet not 1 republican or cable opinion news show entertainer step foot back in Loudoun County school board meetings..

They got their money's worth!",0,0.276451775,0.107740745,0.667302326,0.001377992
243,707,708,Loudoun County parents need to elect a patriot based school board . Make yourself heard at the polls! Our children are at risk. Taxes are high in the county and used for woke indoctrination . ,1,0.450045032,0.9999918,0.566202747,0.72298276
244,1273,1274,"What is the definition of ""literature"" and what is smut? Apparently pornography is literature and Dr. Seuss is smut. ClownWorld Honkler
",0,0.028158047,4.08E-08,0.004598929,2.52E-05
245,1581,1582,"a felony conviction in Virginia makes you ineligible to hold public office

there won't be a Loudoun County School Board soon",1,0.246595542,0.9716545,0.280835158,0.17508218
246,327,328,"Those parents cared 0% for safety. They were just spreading the hate and lies about Covid-19 being spread by the Lunatic In Chief aka Orange Hitler, who they worship like a god. These parents were and are storming the school board at my school district in Loudoun County. ",0,0.153837498,0.021499217,0.12898745,0.03469541
247,836,837,"The Loudoun County School Board will hold a meeting at 4 p.m. Tuesday, January 11, in the School Board Meeting Room at the Loudoun County Public Schools (LCPS) Administrative Offices, 21000 Education Court in Ashburn. View details:  ",0,0.102920299,1.61E-09,0.014891449,2.19E-05
248,1858,1859,"In the new definition of ""muh democracy!"", the word means whatever will give Democrats power. In this case, according to Democrats, holding an election would ""subvert democracy.""

",1,0.459445075,0.036804155,0.417534941,0.008318437
249,1853,1854,  It really has been a rabble of convened parents pushing back against coordinated and well-funded GOP attacks. Wish the Dems would get in the fight. ItÃ¢Â€ÂšÃƒÂ„ÃƒÂ´s ugly here in Loudoun. ,0,0.314295519,0.17356934,0.337522683,0.015031195